Origin,avg_CarrierDelay,avg_WeatherDelay,avg_NASDelay,avg_SecurityDelay,avg_LateAircraftDelay,total_CarrierDelay,total_WeatherDelay,total_NASDelay,total_SecurityDelay,total_LateAircraftDelay,delay_rate,dominant_cause,flights
ABE,1.7957393483709274,0.12781954887218044,1.8345864661654134,0.0,1.7706766917293233,2866.0,204.0,2928.0,0.0,2826.0,0.40225563909774437,NASDelay,1596
ABI,3.8614718614718613,0.7337662337662337,1.251082251082251,0.0,2.5952380952380953,1784.0,339.0,578.0,0.0,1199.0,0.30952380952380953,CarrierDelay,462
ABQ,0.9615919844141386,0.16782632897300306,0.7600890620651266,0.004824195194359403,2.2134706373504036,10365.0,1809.0,8193.0,52.0,23859.0,0.4231375823360238,LateAircraftDelay,10779
ABR,22.9875,0.9125,0.825,0.1125,4.325,1839.0,73.0,66.0,9.0,346.0,0.275,CarrierDelay,80
ABY,5.978021978021978,0.5934065934065934,4.335164835164835,0.0,5.016483516483516,1088.0,108.0,789.0,0.0,913.0,0.489010989010989,CarrierDelay,182
ACK,0.726027397260274,0.0,21.465753424657535,0.1232876712328767,8.986301369863014,53.0,0.0,1567.0,9.0,656.0,0.5205479452054794,NASDelay,73
ACT,2.4984615384615383,0.3723076923076923,1.1784615384615384,0.0,1.88,812.0,121.0,383.0,0.0,611.0,0.28923076923076924,CarrierDelay,325
ACV,3.0477099236641223,0.1851145038167939,4.419847328244275,0.0,8.288167938931299,1597.0,97.0,2316.0,0.0,4343.0,0.39122137404580154,LateAircraftDelay,524
ACY,3.8444444444444446,0.09259259259259259,3.4518518518518517,0.0,4.051851851851852,1038.0,25.0,932.0,0.0,1094.0,0.35185185185185186,LateAircraftDelay,270
ADK,1.0454545454545454,0.0,0.0,1.2727272727272727,2.1818181818181817,23.0,0.0,0.0,28.0,48.0,0.4090909090909091,LateAircraftDelay,22
ADQ,0.46987951807228917,0.5662650602409639,0.18072289156626506,0.5060240963855421,1.4578313253012047,78.0,94.0,30.0,84.0,242.0,0.46987951807228917,LateAircraftDelay,166
AEX,3.2940140845070425,0.9225352112676056,3.413732394366197,0.3767605633802817,5.316901408450704,1871.0,524.0,1939.0,214.0,3020.0,0.38028169014084506,LateAircraftDelay,568
AGS,2.1845018450184504,0.8068880688806888,2.7072570725707257,0.0,4.296432964329643,1776.0,656.0,2201.0,0.0,3493.0,0.4317343173431734,LateAircraftDelay,813
AKN,1.5072463768115942,0.0,0.2318840579710145,0.0,8.72463768115942,104.0,0.0,16.0,0.0,602.0,0.5797101449275363,LateAircraftDelay,69
ALB,1.455550098231827,0.30844793713163066,1.8651768172888015,0.0,1.9199410609037328,5927.0,1256.0,7595.0,0.0,7818.0,0.4214145383104126,LateAircraftDelay,4072
ALO,2.2435897435897436,0.7307692307692307,4.102564102564102,0.0,0.6794871794871795,175.0,57.0,320.0,0.0,53.0,0.358974358974359,NASDelay,78
AMA,1.0737746336533602,0.1258211217786761,0.7933299646286003,0.0,2.8989388580090956,2125.0,249.0,1570.0,0.0,5737.0,0.3724103082364831,LateAircraftDelay,1979
ANC,1.7445230872935624,0.06268958543983821,0.6830131445904954,0.003707448601280755,1.2360970677451972,10352.0,372.0,4053.0,22.0,7335.0,0.45129760701044824,CarrierDelay,5934
ANI,0.0,0.0,0.0,0.0,0.0,0.0,0.0,0.0,0.0,0.0,0.6666666666666666,CarrierDelay,3
APF,0.43243243243243246,0.0,5.27027027027027,0.7567567567567568,0.5945945945945946,16.0,0.0,195.0,28.0,22.0,0.4594594594594595,NASDelay,37
APN,6.975609756097561,0.34146341463414637,0.1951219512195122,0.0,4.390243902439025,286.0,14.0,8.0,0.0,180.0,0.24390243902439024,CarrierDelay,41
ART,9.583333333333334,0.3333333333333333,0.0,0.0,4.583333333333333,115.0,4.0,0.0,0.0,55.0,0.25,CarrierDelay,12
ASE,4.970588235294118,1.4179566563467492,3.7863777089783284,0.021671826625386997,7.188854489164087,3211.0,916.0,2446.0,14.0,4644.0,0.38235294117647056,LateAircraftDelay,646
ATL,2.567620365091086,0.563432940450709,1.7751595988297644,0.0019908960901791808,2.4440165627599617,274702.0,60280.0,189919.0,213.0,261478.0,0.4710852720423977,CarrierDelay,106987
ATW,5.988183161004431,1.5096011816838995,3.293943870014771,0.0,4.456425406203841,4054.0,1022.0,2230.0,0.0,3017.0,0.3249630723781389,CarrierDelay,677
ATY,3.2857142857142856,0.0,0.2857142857142857,0.0,0.0,23.0,0.0,2.0,0.0,0.0,0.42857142857142855,CarrierDelay,7
AUS,1.4151486788105696,0.24019007847937215,1.4595723234214126,0.005687954496364029,2.2861977104183167,19655.0,3336.0,20272.0,79.0,31753.0,0.39542083663330696,LateAircraftDelay,13889
AVL,1.8892561983471075,0.5272727272727272,3.8206611570247935,0.013223140495867768,4.167768595041323,2286.0,638.0,4623.0,16.0,5043.0,0.4305785123966942,LateAircraftDelay,1210
AVP,0.48563218390804597,0.7974137931034483,3.1235632183908044,0.0,1.8175287356321839,338.0,555.0,2174.0,0.0,1265.0,0.4281609195402299,NASDelay,696
AZA,2.278688524590164,0.28688524590163933,3.901639344262295,0.0,2.7868852459016393,278.0,35.0,476.0,0.0,340.0,0.38524590163934425,NASDelay,122
AZO,0.5682574916759157,0.3662597114317425,2.881243063263041,0.0,1.6037735849056605,512.0,330.0,2596.0,0.0,1445.0,0.36847946725860153,NASDelay,901
BDL,1.124416964963662,0.20848248183100118,1.825686083089272,0.018223234624145785,1.7158043171710597,10366.0,1922.0,16831.0,168.0,15818.0,0.4104566655819503,NASDelay,9219
BET,1.32404181184669,0.4181184668989547,0.41114982578397213,0.3588850174216028,4.689895470383275,380.0,120.0,118.0,103.0,1346.0,0.4634146341463415,LateAircraftDelay,287
BFF,0.0,7.642857142857143,4.5,0.0,10.428571428571429,0.0,107.0,63.0,0.0,146.0,0.2857142857142857,LateAircraftDelay,14
BFL,2.6218487394957983,0.037815126050420166,2.219887955182073,0.0,3.816526610644258,1872.0,27.0,1585.0,0.0,2725.0,0.32072829131652664,LateAircraftDelay,714
BFM,0.0,0.0,5.333333333333333,0.0,0.0,0.0,0.0,16.0,0.0,0.0,0.3333333333333333,NASDelay,3
BGM,1.2857142857142858,0.018633540372670808,1.720496894409938,0.0,0.4409937888198758,414.0,6.0,554.0,0.0,142.0,0.37888198757763975,NASDelay,322
BGR,4.011527377521614,0.6210374639769453,2.6599423631123917,0.0,2.8688760806916425,2784.0,431.0,1846.0,0.0,1991.0,0.38472622478386165,CarrierDelay,694
BHM,1.5482028888142425,0.2314410480349345,1.7739334900906953,0.001007725898555593,2.4287873698354048,9218.0,1378.0,10562.0,6.0,14461.0,0.42290896876049716,LateAircraftDelay,5954
BIL,1.540983606557377,0.05663189269746647,0.812220566318927,0.0,1.399403874813711,2068.0,76.0,1090.0,0.0,1878.0,0.3524590163934426,CarrierDelay,1342
BIS,2.8579610538373426,0.09851088201603665,1.711340206185567,0.0,1.5383734249713632,2495.0,86.0,1494.0,0.0,1343.0,0.3344788087056128,CarrierDelay,873
BJI,0.5818181818181818,1.981818181818182,2.0,0.0,3.981818181818182,32.0,109.0,110.0,0.0,219.0,0.2909090909090909,LateAircraftDelay,55
BKG,0.5694444444444444,2.4027777777777777,1.8888888888888888,0.0,4.319444444444445,41.0,173.0,136.0,0.0,311.0,0.4166666666666667,LateAircraftDelay,72
BLI,1.022857142857143,0.21142857142857144,0.5942857142857143,0.0,1.8514285714285714,179.0,37.0,104.0,0.0,324.0,0.34285714285714286,LateAircraftDelay,175
BLV,1.8846153846153846,2.8846153846153846,1.1923076923076923,2.8846153846153846,1.5769230769230769,49.0,75.0,31.0,75.0,41.0,0.46153846153846156,WeatherDelay,26
BMI,3.147727272727273,0.5048701298701299,3.2045454545454546,0.0,4.314935064935065,1939.0,311.0,1974.0,0.0,2658.0,0.3912337662337662,LateAircraftDelay,616
BNA,1.3146683879296435,0.18449787531601314,1.5241783658759616,0.002259157656930773,2.7239524501102683,24441.0,3430.0,28336.0,42.0,50641.0,0.41659942983163895,LateAircraftDelay,18591
BOI,1.3370951913640825,0.08856722276741903,1.612855740922473,0.0036800785083415115,2.72693817468106,5450.0,361.0,6574.0,15.0,11115.0,0.3680078508341511,LateAircraftDelay,4076
BOS,1.8309897911449877,0.3469084505104427,2.5585977270851106,0.01994991882446823,2.5988277702870035,66540.0,12607.0,92982.0,725.0,94444.0,0.43865055997358354,LateAircraftDelay,36341
BPT,6.3355704697986575,0.37583892617449666,1.8791946308724832,0.0,7.973154362416107,944.0,56.0,280.0,0.0,1188.0,0.3691275167785235,LateAircraftDelay,149
BQK,1.1650485436893203,1.912621359223301,4.325242718446602,0.0,3.1019417475728157,240.0,394.0,891.0,0.0,639.0,0.34951456310679613,NASDelay,206
BQN,3.4555555555555557,0.1111111111111111,1.4962962962962962,0.0,9.448148148148148,933.0,30.0,404.0,0.0,2551.0,0.4074074074074074,LateAircraftDelay,270
BRD,3.9344262295081966,0.3770491803278688,1.3442622950819672,0.0,21.672131147540984,240.0,23.0,82.0,0.0,1322.0,0.3114754098360656,LateAircraftDelay,61
BRO,4.189903846153846,0.3557692307692308,2.0865384615384617,0.0,4.146634615384615,1743.0,148.0,868.0,0.0,1725.0,0.3317307692307692,CarrierDelay,416
BRW,0.25,0.5849056603773585,0.39622641509433965,0.44339622641509435,4.7924528301886795,53.0,124.0,84.0,94.0,1016.0,0.4481132075471698,LateAircraftDelay,212
BTM,0.1925133689839572,0.48663101604278075,0.17647058823529413,0.0,1.2727272727272727,36.0,91.0,33.0,0.0,238.0,0.2887700534759358,LateAircraftDelay,187
BTR,2.8344912137310994,0.553330608908868,2.0318757662443807,0.0,2.6240294237842257,6936.0,1354.0,4972.0,0.0,6421.0,0.44176542705353494,CarrierDelay,2447
BTV,2.781231320980275,0.6557083084279737,4.290496114763897,0.00657501494321578,3.397489539748954,4653.0,1097.0,7178.0,11.0,5684.0,0.4219964136282128,NASDelay,1673
BUF,1.2891501148493447,0.28239427104445347,2.429671665991082,0.0037832725307390892,2.3446831509255506,9541.0,2090.0,17982.0,28.0,17353.0,0.42048371841643023,NASDelay,7401
BUR,0.899932157394844,0.09961555857078246,1.1292401628222524,0.004975124378109453,2.47037539574853,7959.0,881.0,9987.0,44.0,21848.0,0.39676616915422885,LateAircraftDelay,8844
BWI,1.9301675000874217,0.2619155855509319,1.639682484176662,0.018918068328845683,2.809980067839284,55197.0,7490.0,46890.0,541.0,80357.0,0.4311291394202189,LateAircraftDelay,28597
BZN,1.316078431372549,0.07294117647058823,1.247843137254902,0.011764705882352941,2.0509803921568626,1678.0,93.0,1591.0,15.0,2615.0,0.36705882352941177,LateAircraftDelay,1275
CAE,3.059508947149397,0.3503953391593841,1.7037037037037037,0.0,3.2421972534332086,7352.0,842.0,4094.0,0.0,7791.0,0.455264253017062,LateAircraftDelay,2403
CAK,3.177269919703521,1.9549104385423102,3.767140210006177,0.0,3.936998147004324,5144.0,3165.0,6099.0,0.0,6374.0,0.3823347745521927,LateAircraftDelay,1619
CCR,0.0,0.0,0.0,0.0,0.0,0.0,0.0,0.0,0.0,0.0,0.30612244897959184,CarrierDelay,49
CDC,2.2586206896551726,0.0,0.5775862068965517,0.0,2.6120689655172415,262.0,0.0,67.0,0.0,303.0,0.23275862068965517,LateAircraftDelay,116
CDV,0.71900826446281,0.0,0.30991735537190085,0.045454545454545456,3.7768595041322315,174.0,0.0,75.0,11.0,914.0,0.4132231404958678,LateAircraftDelay,242
CEC,0.0,0.3173076923076923,11.192307692307692,0.0,10.038461538461538,0.0,33.0,1164.0,0.0,1044.0,0.41346153846153844,NASDelay,104
CGI,0.0,0.0,2.0833333333333335,0.0,38.333333333333336,0.0,0.0,25.0,0.0,460.0,0.3333333333333333,LateAircraftDelay,12
CHA,2.3872966692486446,0.8776142525174283,2.6072811773818745,0.000774593338497289,3.0364058869093724,3082.0,1133.0,3366.0,1.0,3920.0,0.40975987606506586,LateAircraftDelay,1291
CHO,4.578093306288032,0.24949290060851928,3.342799188640974,0.0,5.113590263691684,2257.0,123.0,1648.0,0.0,2521.0,0.385395537525355,LateAircraftDelay,493
CHS,1.577017716535433,0.2876476377952756,2.736466535433071,0.0,2.465551181102362,6409.0,1169.0,11121.0,0.0,10020.0,0.4077263779527559,NASDelay,4064
CIC,3.4927536231884058,0.0,5.7101449275362315,0.0,2.391304347826087,482.0,0.0,788.0,0.0,330.0,0.34057971014492755,NASDelay,138
CID,2.12176414189837,0.5546500479386386,2.309683604985618,0.004314477468839885,3.361457334611697,4426.0,1157.0,4818.0,9.0,7012.0,0.37679769894535,LateAircraftDelay,2086
CIU,1.0,25.08888888888889,1.2666666666666666,0.0,6.488888888888889,45.0,1129.0,57.0,0.0,292.0,0.4222222222222222,WeatherDelay,45
CKB,0.0,14.526315789473685,6.0,0.0,1.368421052631579,0.0,276.0,114.0,0.0,26.0,0.3157894736842105,WeatherDelay,19
CLD,0.9691780821917808,0.5273972602739726,1.13013698630137,0.0,4.934931506849315,283.0,154.0,330.0,0.0,1441.0,0.3904109589041096,LateAircraftDelay,292
CLE,1.4275759594199928,0.25331762053594303,1.9992314392580828,0.005123738279448686,1.7325408618127787,27862.0,4944.0,39019.0,100.0,33814.0,0.4174309576266844,NASDelay,19517
CLL,0.6289156626506024,1.4987951807228916,0.8626506024096385,0.0,3.503614457831325,261.0,622.0,358.0,0.0,1454.0,0.30843373493975906,LateAircraftDelay,415
CLT,2.0420003768962594,0.30959672100254404,1.9541835484782815,0.021506642796570243,2.19275888061811,86687.0,13143.0,82959.0,913.0,93087.0,0.47338170168661076,LateAircraftDelay,42452
CMH,1.3757860242671154,0.19723673722433796,1.9773270746612346,0.0018598884066955983,2.31945797537862,15534.0,2227.0,22326.0,21.0,26189.0,0.42697723850854663,LateAircraftDelay,11291
CMI,4.555789473684211,0.4842105263157895,3.248421052631579,0.0,1.5073684210526315,2164.0,230.0,1543.0,0.0,716.0,0.3494736842105263,CarrierDelay,475
CMX,3.8181818181818183,2.397727272727273,2.0454545454545454,0.0,9.931818181818182,336.0,211.0,180.0,0.0,874.0,0.2727272727272727,LateAircraftDelay,88
CNY,0.0,1.5454545454545454,12.0,0.0,45.72727272727273,0.0,17.0,132.0,0.0,503.0,0.45454545454545453,LateAircraftDelay,11
COD,0.9831460674157303,1.0224719101123596,2.0168539325842696,0.0449438202247191,3.2191011235955056,175.0,182.0,359.0,8.0,573.0,0.33707865168539325,LateAircraftDelay,178
COS,2.730998702983139,0.7011673151750972,1.6070038910505837,0.010635538261997406,1.7797665369649804,10528.0,2703.0,6195.0,41.0,6861.0,0.43605706874189365,CarrierDelay,3855
COU,0.8829787234042553,0.0,3.4680851063829787,0.0,3.5,83.0,0.0,326.0,0.0,329.0,0.39361702127659576,LateAircraftDelay,94
CPR,0.8360323886639676,1.3218623481781377,0.7773279352226721,0.0,2.617408906882591,413.0,653.0,384.0,0.0,1293.0,0.3724696356275304,LateAircraftDelay,494
CRP,0.7916235780765254,0.27352637021716647,1.0977249224405377,0.001034126163391934,2.934850051706308,1531.0,529.0,2123.0,2.0,5676.0,0.3862461220268873,LateAircraftDelay,1934
CRW,2.1291913214990137,0.2465483234714004,2.1429980276134124,0.0039447731755424065,2.5335305719921104,2159.0,250.0,2173.0,4.0,2569.0,0.4240631163708087,LateAircraftDelay,1014
CSG,3.192878338278932,0.5014836795252225,1.9020771513353116,0.0,2.857566765578635,1076.0,169.0,641.0,0.0,963.0,0.4629080118694362,CarrierDelay,337
CVG,1.8422495395554033,0.5082880027412515,1.7821133336188804,0.009037563712682571,1.203623591896175,43011.0,11867.0,41607.0,211.0,28101.0,0.4783912279950315,CarrierDelay,23347
CWA,1.6876971608832807,0.4227129337539432,4.435331230283912,0.0,4.899053627760252,535.0,134.0,1406.0,0.0,1553.0,0.35331230283911674,LateAircraftDelay,317
CYS,115.4,0.0,0.0,0.0,0.3,1154.0,0.0,0.0,0.0,3.0,0.1,CarrierDelay,10
DAB,1.3116531165311653,0.3974706413730804,1.7145438121047878,0.0,1.2240289069557362,1452.0,440.0,1898.0,0.0,1355.0,0.4706413730803975,NASDelay,1107
DAL,1.7555639144881199,0.22920193091342236,0.8493511378596953,0.013102626794558335,3.0443859319164943,28003.0,3656.0,13548.0,209.0,48561.0,0.44373393517647797,LateAircraftDelay,15951
DAY,1.3883101851851851,0.1566358024691358,1.7451774691358024,0.0,1.8167438271604939,7197.0,812.0,9047.0,0.0,9418.0,0.44849537037037035,LateAircraftDelay,5184
DBQ,0.8956043956043956,0.510989010989011,4.862637362637362,0.0,5.604395604395604,163.0,93.0,885.0,0.0,1020.0,0.3241758241758242,LateAircraftDelay,182
DCA,1.2831419254218064,0.3971359705090033,2.03842336594357,0.0076563164610803916,2.425209130866298,36200.0,11204.0,57508.0,216.0,68420.0,0.4048277328796257,LateAircraftDelay,28212
DEN,2.327276354507822,0.30421771874116804,1.7016009708899271,0.0066499310069658025,3.189672657146182,139988.0,18299.0,102353.0,400.0,191862.0,0.4568336353510332,LateAircraftDelay,60151
DET,0.0,0.0,0.0,0.0,0.0,0.0,0.0,0.0,0.0,0.0,0.4980544747081712,CarrierDelay,257
DFW,2.2824825652868252,0.607371408219304,1.526717908064201,0.0034352416732729004,2.2219349946575675,198665.0,52865.0,132884.0,299.0,193395.0,0.47883132848493204,CarrierDelay,87039
DHN,3.7017543859649122,0.40350877192982454,4.1798245614035086,0.0,5.258771929824562,844.0,92.0,953.0,0.0,1199.0,0.40789473684210525,LateAircraftDelay,228
DIK,0.45161290322580644,0.0,8.67741935483871,0.0,4.645161290322581,14.0,0.0,269.0,0.0,144.0,0.3870967741935484,NASDelay,31
DLG,0.0,0.0,0.7,0.0,0.0,0.0,0.0,35.0,0.0,0.0,0.48,NASDelay,50
DLH,2.5977382875605817,0.5234248788368336,1.7463651050080775,0.022617124394184167,1.7382875605815833,1608.0,324.0,1081.0,14.0,1076.0,0.3570274636510501,CarrierDelay,619
DRO,3.1729166666666666,1.4645833333333333,1.5333333333333334,0.0,3.497916666666667,1523.0,703.0,736.0,0.0,1679.0,0.38125,LateAircraftDelay,480
DRT,0.0,0.0,0.0,0.0,0.0,0.0,0.0,0.0,0.0,0.0,0.3,CarrierDelay,10
DSM,2.3501245502352615,0.4088015499584833,2.1837807915859395,0.0013838915029061722,2.6368668696374202,8491.0,1477.0,7890.0,5.0,9527.0,0.3910877387212843,LateAircraftDelay,3613
DTW,2.404457612877548,0.4665015698934241,1.938110821209039,0.005527793746959713,1.4701499137664176,108744.0,21098.0,87653.0,250.0,66489.0,0.45350019900057487,CarrierDelay,45226
DUT,0.48484848484848486,0.0,0.0,0.0,0.4090909090909091,32.0,0.0,0.0,0.0,27.0,0.7424242424242424,CarrierDelay,66
DVL,44.791666666666664,0.0,1.4583333333333333,0.0,10.833333333333334,1075.0,0.0,35.0,0.0,260.0,0.3333333333333333,CarrierDelay,24
EAR,0.0,0.0,0.0,0.0,0.0,0.0,0.0,0.0,0.0,0.0,0.0,CarrierDelay,9
EAU,3.485148514851485,0.0,2.4158415841584158,0.0,4.128712871287129,352.0,0.0,244.0,0.0,417.0,0.31683168316831684,LateAircraftDelay,101
ECP,1.6361940298507462,0.5578358208955224,2.2667910447761193,0.0,6.365671641791045,877.0,299.0,1215.0,0.0,3412.0,0.2966417910447761,LateAircraftDelay,536
EFD,0.0,3.5454545454545454,0.6136363636363636,0.0,0.0,0.0,156.0,27.0,0.0,0.0,0.45454545454545453,WeatherDelay,44
EGE,5.737603305785124,0.7768595041322314,2.665289256198347,0.012396694214876033,7.483471074380165,2777.0,376.0,1290.0,6.0,3622.0,0.4214876033057851,LateAircraftDelay,484
EKO,1.7113821138211383,0.3617886178861789,0.8983739837398373,0.0,2.2357723577235773,421.0,89.0,221.0,0.0,550.0,0.2886178861788618,LateAircraftDelay,246
ELM,2.035623409669211,0.24427480916030533,1.7735368956743003,0.02544529262086514,1.786259541984733,800.0,96.0,697.0,10.0,702.0,0.44529262086513993,CarrierDelay,393
ELP,1.2366888519134775,0.13616195230171935,0.7579034941763727,0.0,2.066833056017748,8919.0,982.0,5466.0,0.0,14906.0,0.41486411536328344,LateAircraftDelay,7212
ERI,0.36578947368421055,0.15,1.0394736842105263,0.0,1.855263157894737,139.0,57.0,395.0,0.0,705.0,0.44473684210526315,LateAircraftDelay,380
ESC,1.2553191489361701,2.6595744680851063,1.5319148936170213,0.0,3.0638297872340425,59.0,125.0,72.0,0.0,144.0,0.19148936170212766,LateAircraftDelay,47
EUG,2.162077104642014,0.21400472069236823,2.5633359559402047,0.0,2.8253343823760817,2748.0,272.0,3258.0,0.0,3591.0,0.3831628638867034,LateAircraftDelay,1271
EVV,2.5286624203821657,0.8131634819532909,3.1082802547770703,0.0,3.554140127388535,2382.0,766.0,2928.0,0.0,3348.0,0.386411889596603,LateAircraftDelay,942
EWN,8.479166666666666,0.2986111111111111,1.4930555555555556,0.0,8.625,1221.0,43.0,215.0,0.0,1242.0,0.3472222222222222,LateAircraftDelay,144
EWR,2.276376203406566,0.3874352011848926,2.714416193532461,0.019550728215255494,3.853961984695137,92216.0,15695.0,109961.0,792.0,156124.0,0.4682547519131079,LateAircraftDelay,40510
EYW,3.230612244897959,0.5061224489795918,1.5877551020408163,0.0,2.0040816326530613,1583.0,248.0,778.0,0.0,982.0,0.3306122448979592,CarrierDelay,490
FAI,1.4729096989966555,0.21739130434782608,0.41204013377926424,0.08428093645484949,2.357190635451505,2202.0,325.0,616.0,126.0,3524.0,0.44214046822742475,LateAircraftDelay,1495
FAR,2.586342229199372,0.3602825745682888,3.043956043956044,0.019623233908948195,2.7621664050235477,3295.0,459.0,3878.0,25.0,3519.0,0.36106750392464676,NASDelay,1274
FAT,3.392565055762082,0.1479553903345725,2.1033457249070633,0.0,2.4981412639405205,9126.0,398.0,5658.0,0.0,6720.0,0.379182156133829,CarrierDelay,2690
FAY,1.285012285012285,0.757985257985258,2.539312039312039,0.0,2.614250614250614,1046.0,617.0,2067.0,0.0,2128.0,0.4226044226044226,LateAircraftDelay,814
FCA,1.2625607779578607,0.18962722852512157,1.0518638573743921,0.0,1.6758508914100487,779.0,117.0,649.0,0.0,1034.0,0.34035656401944897,LateAircraftDelay,617
FLG,0.47988505747126436,0.04310344827586207,0.5775862068965517,0.0,0.5718390804597702,167.0,15.0,201.0,0.0,199.0,0.3275862068965517,NASDelay,348
FLL,1.9736452941797824,0.27104679412696736,2.8101299250026406,0.028784197739516213,3.0679201436569135,37369.0,5132.0,53207.0,545.0,58088.0,0.43493186859617616,LateAircraftDelay,18934
FLO,3.918918918918919,0.6081081081081081,10.391891891891891,0.0,0.3918918918918919,290.0,45.0,769.0,0.0,29.0,0.4189189189189189,NASDelay,74
FNT,2.545863309352518,0.6348920863309353,3.0755395683453237,0.0,3.629496402877698,2831.0,706.0,3420.0,0.0,4036.0,0.37949640287769787,LateAircraftDelay,1112
FOE,0.0,0.0,0.0,0.0,0.0,0.0,0.0,0.0,0.0,0.0,0.0,CarrierDelay,3
FSD,1.8210712183637434,0.5897586815773985,1.3931724543849324,0.01353737492642731,2.5826957033549145,3094.0,1002.0,2367.0,23.0,4388.0,0.3761035903472631,LateAircraftDelay,1699
FSM,3.9053398058252426,0.941747572815534,2.121359223300971,0.0,4.502427184466019,1609.0,388.0,874.0,0.0,1855.0,0.33980582524271846,LateAircraftDelay,412
FWA,2.070735090152566,1.0041608876560333,2.8335644937586686,0.14424410540915394,3.3176144244105408,2986.0,1448.0,4086.0,208.0,4784.0,0.3779472954230236,LateAircraftDelay,1442
GCC,2.094674556213018,1.0828402366863905,2.331360946745562,0.0,6.384615384615385,354.0,183.0,394.0,0.0,1079.0,0.4319526627218935,LateAircraftDelay,169
GCK,5.548387096774194,1.564516129032258,1.032258064516129,0.0,2.9838709677419355,344.0,97.0,64.0,0.0,185.0,0.3064516129032258,CarrierDelay,62
GCN,0.0,0.0,0.0,0.0,0.0,0.0,0.0,0.0,0.0,0.0,0.5614035087719298,CarrierDelay,57
GEG,0.7541613316261203,0.027400768245838668,0.8473751600512164,0.017157490396927016,1.4481434058898848,2945.0,107.0,3309.0,67.0,5655.0,0.38873239436619716,LateAircraftDelay,3905
GFK,1.0851063829787233,0.8014184397163121,1.1252955082742317,0.0,1.260047281323877,459.0,339.0,476.0,0.0,533.0,0.2907801418439716,LateAircraftDelay,423
GGG,2.066666666666667,0.1794871794871795,2.051282051282051,0.0,3.317948717948718,403.0,35.0,400.0,0.0,647.0,0.3282051282051282,LateAircraftDelay,195
GJT,2.3930288461538463,0.6538461538461539,0.8557692307692307,0.0,1.8786057692307692,1991.0,544.0,712.0,0.0,1563.0,0.33653846153846156,CarrierDelay,832
GNV,2.4054054054054053,1.1408250355618776,3.5291607396870557,0.0,3.880512091038407,1691.0,802.0,2481.0,0.0,2728.0,0.41536273115220484,LateAircraftDelay,703
GPT,1.7416173570019724,0.7938856015779092,2.8944773175542404,0.005917159763313609,4.4733727810650885,1766.0,805.0,2935.0,6.0,4536.0,0.3895463510848126,LateAircraftDelay,1014
GRB,1.3580508474576272,0.16596045197740114,3.062146892655367,0.0,3.472457627118644,1923.0,235.0,4336.0,0.0,4917.0,0.3622881355932203,LateAircraftDelay,1416
GRI,2.25,4.367647058823529,3.7205882352941178,0.0,2.7058823529411766,153.0,297.0,253.0,0.0,184.0,0.3235294117647059,WeatherDelay,68
GRK,3.5431654676258995,1.4316546762589928,3.4154676258992804,0.0,4.68705035971223,1970.0,796.0,1899.0,0.0,2606.0,0.3327338129496403,LateAircraftDelay,556
GRR,1.6102171136653896,0.19923371647509577,2.390038314176245,0.0002554278416347382,2.397190293742018,6304.0,780.0,9357.0,1.0,9385.0,0.39284802043422734,LateAircraftDelay,3915
GSO,1.163227404044573,0.3968221213371853,1.4626496079240612,0.0,1.94098225340487,5637.0,1923.0,7088.0,0.0,9406.0,0.45810978126289725,LateAircraftDelay,4846
GSP,1.45460399227302,0.04475209272376046,2.339343206696716,0.0,2.63650998068255,4518.0,139.0,7266.0,0.0,8189.0,0.4150032195750161,LateAircraftDelay,3106
GST,0.17857142857142858,0.0,1.0,0.0,11.571428571428571,5.0,0.0,28.0,0.0,324.0,0.6428571428571429,LateAircraftDelay,28
GTF,1.4075382803297998,0.5347467608951708,0.375736160188457,0.0,1.2037691401648998,1195.0,454.0,319.0,0.0,1022.0,0.31566548881036516,CarrierDelay,849
GTR,2.8852459016393444,0.31693989071038253,2.7650273224043715,0.0,1.6010928961748634,528.0,58.0,506.0,0.0,293.0,0.3442622950819672,CarrierDelay,183
GUC,8.463235294117647,2.2205882352941178,1.9705882352941178,0.0,5.352941176470588,1151.0,302.0,268.0,0.0,728.0,0.4485294117647059,CarrierDelay,136
GUM,0.5759162303664922,1.1675392670157068,0.04712041884816754,0.0,0.0,110.0,223.0,9.0,0.0,0.0,0.3717277486910995,WeatherDelay,191
HDN,0.7173252279635258,0.2735562310030395,2.1185410334346506,0.0,5.468085106382978,236.0,90.0,697.0,0.0,1799.0,0.3708206686930091,LateAircraftDelay,329
HGR,0.0,0.0,0.0,0.0,0.0,0.0,0.0,0.0,0.0,0.0,0.3333333333333333,CarrierDelay,3
HHH,5.230769230769231,0.0,2.2115384615384617,0.0,1.2307692307692308,272.0,0.0,115.0,0.0,64.0,0.4423076923076923,CarrierDelay,52
HIB,0.625,0.16071428571428573,1.0357142857142858,0.0,1.8571428571428572,35.0,9.0,58.0,0.0,104.0,0.17857142857142858,LateAircraftDelay,56
HKY,0.0,0.0,0.0,0.0,0.0,0.0,0.0,0.0,0.0,0.0,0.16666666666666666,CarrierDelay,12
HLN,0.6119402985074627,0.16204690831556504,0.7270788912579957,0.0,1.2579957356076759,287.0,76.0,341.0,0.0,590.0,0.326226012793177,LateAircraftDelay,469
HNL,2.098749119097956,0.03550035236081748,0.44970049330514444,0.003083157152924595,1.302413671599718,23825.0,403.0,5105.0,35.0,14785.0,0.3664552501761804,CarrierDelay,11352
HOB,2.5538461538461537,3.230769230769231,1.9230769230769231,0.0,4.369230769230769,166.0,210.0,125.0,0.0,284.0,0.26153846153846155,LateAircraftDelay,65
HOU,1.7811511022904039,0.22630477927372203,0.784315828997479,0.009708737864077669,2.6519873410931716,33206.0,4219.0,14622.0,181.0,49441.0,0.4383414686477498,LateAircraftDelay,18643
HPN,3.1067917783735477,0.4383378016085791,3.419124218051832,0.034405719392314564,4.693923145665773,6953.0,981.0,7652.0,77.0,10505.0,0.4110813226094727,LateAircraftDelay,2238
HRL,0.41120906801007556,0.09445843828715365,0.49622166246851385,0.0,2.0743073047858944,653.0,150.0,788.0,0.0,3294.0,0.37468513853904284,LateAircraftDelay,1588
HSV,1.4321372854914196,0.5347113884555382,1.8545241809672386,0.0015600624024961,2.7254290171606863,3672.0,1371.0,4755.0,4.0,6988.0,0.40678627145085805,LateAircraftDelay,2564
HTS,1.76,0.04,1.4457142857142857,0.0,0.24571428571428572,308.0,7.0,253.0,0.0,43.0,0.5142857142857142,CarrierDelay,175
HVN,3.2888888888888888,1.988888888888889,2.7333333333333334,0.0,2.3777777777777778,296.0,179.0,246.0,0.0,214.0,0.5,CarrierDelay,90
HYA,0.0,0.0,74.66666666666667,0.0,0.0,0.0,0.0,224.0,0.0,0.0,0.3333333333333333,NASDelay,3
HYS,0.0,0.0,0.7096774193548387,0.0,10.32258064516129,0.0,0.0,44.0,0.0,640.0,0.25806451612903225,LateAircraftDelay,62
IAD,2.8612254901960785,0.48274509803921567,2.3713235294117645,0.015931372549019607,3.077450980392157,58369.0,9848.0,48375.0,325.0,62780.0,0.4208823529411765,LateAircraftDelay,20400
IAG,16.48,1.64,3.36,0.0,7.0,412.0,41.0,84.0,0.0,175.0,0.36,CarrierDelay,25
IAH,2.281139739066218,0.5079593008943957,2.083018790514483,0.015405760236317387,2.1729301714942153,111201.0,24762.0,101543.0,751.0,105926.0,0.43614096988594403,CarrierDelay,48748
ICT,2.073792894017613,0.30914060127543275,1.8651685393258426,0.0,2.5733373823261463,6829.0,1018.0,6142.0,0.0,8474.0,0.4023686607956271,LateAircraftDelay,3293
IDA,1.3180473372781065,0.41420118343195267,0.9349112426035503,0.0,1.3905325443786982,891.0,280.0,632.0,0.0,940.0,0.34467455621301774,LateAircraftDelay,676
IFP,0.0,0.0,0.0,0.0,0.0,0.0,0.0,0.0,0.0,0.0,0.5,CarrierDelay,6
ILE,0.4230769230769231,0.0,0.26153846153846155,0.0,2.276923076923077,55.0,0.0,34.0,0.0,296.0,0.3076923076923077,LateAircraftDelay,130
ILG,1.1764705882352942,0.0,0.23529411764705882,0.0,0.8823529411764706,20.0,0.0,4.0,0.0,15.0,0.4117647058823529,CarrierDelay,17
ILM,2.5127681307456586,0.3176710929519918,2.6598569969356487,0.0,2.6251276813074567,2460.0,311.0,2604.0,0.0,2570.0,0.3881511746680286,NASDelay,979
IMT,0.6730769230769231,0.8076923076923077,0.0,0.0,6.134615384615385,35.0,42.0,0.0,0.0,319.0,0.21153846153846154,LateAircraftDelay,52
IND,1.328027053777631,0.16916859122401848,1.7083470801715606,0.0018970636753546685,2.1074727812603102,16101.0,2051.0,20712.0,23.0,25551.0,0.41999340151765097,LateAircraftDelay,12124
INL,9.0,0.0,20.738095238095237,0.0,1.6904761904761905,378.0,0.0,871.0,0.0,71.0,0.21428571428571427,NASDelay,42
IPL,1.2253521126760563,1.4647887323943662,0.04225352112676056,0.0,1.3661971830985915,87.0,104.0,3.0,0.0,97.0,0.36619718309859156,WeatherDelay,71
ISN,4.7846153846153845,4.030769230769231,4.653846153846154,0.0,2.269230769230769,622.0,524.0,605.0,0.0,295.0,0.25384615384615383,CarrierDelay,130
ISO,3.0869565217391304,0.36231884057971014,0.6376811594202898,0.0,0.0,213.0,25.0,44.0,0.0,0.0,0.43478260869565216,CarrierDelay,69
ISP,1.2921543129605548,0.31729518855656696,1.1742522756827047,0.011270047680970958,2.439531859557867,2981.0,732.0,2709.0,26.0,5628.0,0.3693107932379714,LateAircraftDelay,2307
ITH,0.203125,0.1484375,0.40625,0.0,3.2109375,52.0,38.0,104.0,0.0,822.0,0.484375,LateAircraftDelay,256
ITO,0.8840070298769771,0.0210896309314587,0.36291739894551844,0.0,1.6458699472759226,1006.0,24.0,413.0,0.0,1873.0,0.31985940246045697,LateAircraftDelay,1138
IYK,0.13333333333333333,0.0,0.3904761904761905,0.0,0.49523809523809526,14.0,0.0,41.0,0.0,52.0,0.1619047619047619,LateAircraftDelay,105
JAC,3.6015801354401806,0.4187358916478555,2.475169300225734,0.0,3.028216704288939,3191.0,371.0,2193.0,0.0,2683.0,0.417607223476298,CarrierDelay,886
JAN,1.3163585629577956,0.5043599581444018,1.7324729682595048,0.006278339727938612,2.9797697942099757,3774.0,1446.0,4967.0,18.0,8543.0,0.4248343215905127,LateAircraftDelay,2867
JAX,1.4254715818024903,0.31993588953273333,2.1163851559610407,0.007027493527308594,2.265811860436444,11562.0,2595.0,17166.0,57.0,18378.0,0.41832079891505364,LateAircraftDelay,8111
JFK,3.7349303577698882,0.9137762865280324,3.6695798057040303,0.027622800515001364,3.180523584721626,95730.0,23421.0,94055.0,708.0,81520.0,0.4332644063828957,CarrierDelay,25631
JLN,12.590909090909092,0.5151515151515151,2.484848484848485,0.0,11.348484848484848,831.0,34.0,164.0,0.0,749.0,0.48484848484848486,CarrierDelay,66
JMS,6.660714285714286,1.3214285714285714,0.23214285714285715,0.0,9.464285714285714,373.0,74.0,13.0,0.0,530.0,0.23214285714285715,LateAircraftDelay,56
JNU,1.6373212942061701,0.1474793077501881,0.6651617757712566,0.0,2.4981188863807375,2176.0,196.0,884.0,0.0,3320.0,0.47027840481565086,LateAircraftDelay,1329
KOA,1.765410199556541,0.021729490022172948,0.7494456762749445,0.0,2.764079822616408,3981.0,49.0,1690.0,0.0,6233.0,0.3046563192904656,LateAircraftDelay,2255
KSM,0.0,0.0,0.0,0.0,0.0,0.0,0.0,0.0,0.0,0.0,0.5714285714285714,CarrierDelay,7
KTN,0.7867360208062418,0.045513654096228866,0.3953185955786736,0.0,2.8595578673602082,605.0,35.0,304.0,0.0,2199.0,0.4317295188556567,LateAircraftDelay,769
LAN,0.9744408945686901,0.4472843450479233,2.22790202342918,0.0,2.36741214057508,915.0,420.0,2092.0,0.0,2223.0,0.3652822151224707,LateAircraftDelay,939
LAR,4.658536585365853,0.0,1.5365853658536586,0.0,3.951219512195122,191.0,0.0,63.0,0.0,162.0,0.21951219512195122,CarrierDelay,41
LAS,1.8323828415571535,0.1272456777043933,1.2835020174469716,0.012758379730856795,2.9665937831075446,81290.0,5645.0,56940.0,566.0,131607.0,0.4518855803259473,LateAircraftDelay,44363
LAW,1.1951219512195121,0.34146341463414637,1.2125435540069687,0.0,1.6620209059233448,343.0,98.0,348.0,0.0,477.0,0.2926829268292683,LateAircraftDelay,287
LAX,1.9215909955129669,0.07424138717773214,1.2416609628108601,0.020670773442847366,2.2183740208380867,126335.0,4881.0,81633.0,1359.0,145847.0,0.44538748193778993,LateAircraftDelay,65745
LBB,0.7253184713375797,0.2519904458598726,0.6261942675159236,0.0,2.3455414012738856,1822.0,633.0,1573.0,0.0,5892.0,0.3765923566878981,LateAircraftDelay,2512
LBE,4.946428571428571,0.0,1.0357142857142858,0.0,6.642857142857143,277.0,0.0,58.0,0.0,372.0,0.26785714285714285,LateAircraftDelay,56
LBF,0.0,0.0,2.4615384615384617,0.0,0.9230769230769231,0.0,0.0,32.0,0.0,12.0,0.38461538461538464,NASDelay,13
LBL,3.0,0.0,1.3571428571428572,0.0,11.5,42.0,0.0,19.0,0.0,161.0,0.2857142857142857,LateAircraftDelay,14
LCH,1.7462686567164178,0.8843283582089553,2.720149253731343,0.0,4.223880597014926,468.0,237.0,729.0,0.0,1132.0,0.27238805970149255,LateAircraftDelay,268
LCK,1.2777777777777777,5.555555555555555,4.222222222222222,0.0,19.0,23.0,100.0,76.0,0.0,342.0,0.4444444444444444,LateAircraftDelay,18
LEX,2.2901119402985075,1.1338619402985075,3.172574626865672,0.0,2.624533582089552,4910.0,2431.0,6802.0,0.0,5627.0,0.416044776119403,NASDelay,2144
LFT,3.797606093579978,0.5919477693144722,3.057671381936888,0.00544069640914037,4.794341675734494,3490.0,544.0,2810.0,5.0,4406.0,0.36126224156692055,LateAircraftDelay,919
LGA,1.8718741219443664,0.4257375667322282,2.4162124192188816,0.0028097780275358245,3.4366676032593424,66620.0,15152.0,85993.0,100.0,122311.0,0.43096375386344477,LateAircraftDelay,35590
LGB,1.7041533546325878,0.06261980830670927,1.555591054313099,0.034185303514377,3.0003194888178912,5334.0,196.0,4869.0,107.0,9391.0,0.35559105431309906,LateAircraftDelay,3130
LIH,1.9041159962581853,0.05612722170252572,0.6637043966323667,0.0037418147801683817,2.4186155285313378,4071.0,120.0,1419.0,8.0,5171.0,0.30729653882132835,LateAircraftDelay,2138
LIT,1.0408576051779934,0.45024271844660196,1.6644417475728155,0.02568770226537217,2.930622977346278,5146.0,2226.0,8229.0,127.0,14489.0,0.43406148867313915,LateAircraftDelay,4944
LMT,0.0,0.19642857142857142,6.375,0.0,0.875,0.0,11.0,357.0,0.0,49.0,0.25,NASDelay,56
LNK,1.3094736842105263,1.523157894736842,2.3989473684210525,0.0,1.433684210526316,1244.0,1447.0,2279.0,0.0,1362.0,0.3968421052631579,NASDelay,950
LNY,0.0,0.0,0.0,0.0,0.0,0.0,0.0,0.0,0.0,0.0,0.5,CarrierDelay,2
LRD,3.4088983050847457,0.951271186440678,2.5508474576271185,0.012711864406779662,4.59957627118644,1609.0,449.0,1204.0,6.0,2171.0,0.3622881355932203,LateAircraftDelay,472
LSE,1.9101123595505618,0.13707865168539327,1.9325842696629214,0.0,2.8179775280898878,850.0,61.0,860.0,0.0,1254.0,0.36629213483146067,LateAircraftDelay,445
LWB,2.6153846153846154,0.8653846153846154,2.230769230769231,0.28846153846153844,15.98076923076923,136.0,45.0,116.0,15.0,831.0,0.40384615384615385,LateAircraftDelay,52
LWS,1.5132743362831858,1.1592920353982301,0.2831858407079646,0.0,2.9557522123893807,171.0,131.0,32.0,0.0,334.0,0.18584070796460178,LateAircraftDelay,113
LYH,1.4428571428571428,0.0,2.742857142857143,0.0,1.4357142857142857,202.0,0.0,384.0,0.0,201.0,0.4357142857142857,NASDelay,140
MAF,1.0177304964539007,0.1095350669818755,0.7821118991331757,0.001970055161544523,3.557919621749409,2583.0,278.0,1985.0,5.0,9030.0,0.3455476753349094,LateAircraftDelay,2538
MBS,1.2799607072691552,0.2288801571709234,1.7721021611001964,0.0,2.2033398821218073,1303.0,233.0,1804.0,0.0,2243.0,0.3388998035363458,LateAircraftDelay,1018
MCI,1.5210998552821997,0.1683357452966715,1.3258465991316932,0.005499276410998553,2.197742402315485,26277.0,2908.0,22904.0,95.0,37966.0,0.41065123010130244,LateAircraftDelay,17275
MCN,12.983870967741936,2.6129032258064515,5.032258064516129,0.0,0.0,805.0,162.0,312.0,0.0,0.0,0.4838709677419355,CarrierDelay,62
MCO,1.6322155513252306,0.3996485576219066,1.9798506369893103,0.013120515448821203,2.731966612974081,55732.0,13646.0,67602.0,448.0,93283.0,0.4236930736564651,LateAircraftDelay,34145
MDT,1.5055285272003538,0.40645731977001326,1.7187085360459973,0.0,1.9186200796107917,3404.0,919.0,3886.0,0.0,4338.0,0.3967271118973905,LateAircraftDelay,2261
MDW,2.542833341046883,0.4510575276530754,1.6231776739019763,0.011107511454621188,3.780348960984866,54943.0,9746.0,35072.0,240.0,81682.0,0.4434211135280233,LateAircraftDelay,21607
MEI,0.9047619047619048,0.3401360544217687,2.891156462585034,0.0,7.7482993197278915,133.0,50.0,425.0,0.0,1139.0,0.4013605442176871,LateAircraftDelay,147
MEM,1.7314756966137699,0.22429089091590654,1.3736098962888916,0.0,1.5083718605522929,27714.0,3590.0,21986.0,0.0,24143.0,0.4368361864300887,CarrierDelay,16006
MFE,0.7134038800705468,0.06349206349206349,0.564373897707231,0.0,2.9638447971781305,809.0,72.0,640.0,0.0,3361.0,0.3994708994708995,LateAircraftDelay,1134
MFR,2.571878279118573,0.291710388247639,3.89401888772298,0.02833158447009444,3.900314795383001,2451.0,278.0,3711.0,27.0,3717.0,0.41028331584470096,LateAircraftDelay,953
MGM,3.75,0.42784552845528456,3.0010162601626016,0.0,3.6351626016260163,3690.0,421.0,2953.0,0.0,3577.0,0.47764227642276424,CarrierDelay,984
MHK,1.8214285714285714,5.2214285714285715,3.5785714285714287,0.0,4.05,255.0,731.0,501.0,0.0,567.0,0.3357142857142857,WeatherDelay,140
MHT,1.383967470229451,0.34359570142317747,2.5033401103688644,0.03340110368864362,2.1574208539064768,4765.0,1183.0,8619.0,115.0,7428.0,0.3764159163520186,NASDelay,3443
MIA,2.531729785056295,0.5037529853292392,1.9612333674513818,0.012367792562265438,1.938886045718185,59364.0,11812.0,45987.0,290.0,45463.0,0.45773626748549984,CarrierDelay,23448
MIB,0.0,0.0,0.0,0.0,0.0,0.0,0.0,0.0,0.0,0.0,0.0,CarrierDelay,1
MKE,2.079137529137529,0.38846153846153847,2.5068764568764568,0.0018648018648018648,3.0155011655011656,17839.0,3333.0,21509.0,16.0,25873.0,0.4054778554778555,LateAircraftDelay,8580
MKG,1.9324324324324325,4.391891891891892,1.6756756756756757,0.0,6.202702702702703,143.0,325.0,124.0,0.0,459.0,0.3108108108108108,LateAircraftDelay,74
MKK,0.0,0.0,0.0,0.0,0.0,0.0,0.0,0.0,0.0,0.0,0.0,CarrierDelay,4
MLB,1.3672955974842766,0.3421383647798742,1.7119496855345913,0.0,0.9069182389937107,1087.0,272.0,1361.0,0.0,721.0,0.4440251572327044,NASDelay,795
MLI,1.644736842105263,0.7171052631578947,2.0285087719298245,0.01827485380116959,3.4444444444444446,2250.0,981.0,2775.0,25.0,4712.0,0.3969298245614035,LateAircraftDelay,1368
MLU,3.343941248470012,0.15177478580171358,1.7490820073439413,0.025703794369645042,2.193390452876377,2732.0,124.0,1429.0,21.0,1792.0,0.44063647490820074,CarrierDelay,817
MMH,0.3181818181818182,0.0,13.818181818181818,0.0,2.772727272727273,7.0,0.0,304.0,0.0,61.0,0.45454545454545453,NASDelay,22
MOB,1.47557003257329,0.5879478827361564,1.8089033659066232,0.0,2.941910966340934,2718.0,1083.0,3332.0,0.0,5419.0,0.44353963083604775,LateAircraftDelay,1842
MOD,0.7344632768361582,0.23163841807909605,4.395480225988701,0.0,4.5875706214689265,130.0,41.0,778.0,0.0,812.0,0.4689265536723164,LateAircraftDelay,177
MOT,1.5697445972495088,0.630648330058939,0.9823182711198428,0.0,1.6483300589390963,799.0,321.0,500.0,0.0,839.0,0.35363457760314343,LateAircraftDelay,509
MQT,4.296052631578948,2.1184210526315788,2.7697368421052633,0.0,3.6907894736842106,653.0,322.0,421.0,0.0,561.0,0.3223684210526316,CarrierDelay,152
MRY,1.876543209876543,0.9012345679012346,2.2617283950617284,0.0,3.6090534979423867,2280.0,1095.0,2748.0,0.0,4385.0,0.36707818930041153,LateAircraftDelay,1215
MSN,2.251524937208468,0.2960172228202368,2.345174022246143,0.0,3.190168640114819,6275.0,825.0,6536.0,0.0,8891.0,0.36921420882669537,LateAircraftDelay,2787
MSO,0.9649309245483528,0.4569606801275239,1.0127523910733263,0.0,1.324123273113709,908.0,430.0,953.0,0.0,1246.0,0.37725823591923485,LateAircraftDelay,941
MSP,2.039332260847264,0.3340794105989602,1.825511179501527,0.0019351379077195683,1.372572334522394,87469.0,14329.0,78298.0,83.0,58871.0,0.43246835000349726,CarrierDelay,42891
MSY,1.004463979122313,0.20575509923768973,1.5330677838060573,0.008859281642744316,2.3818419064624683,14626.0,2996.0,22323.0,129.0,34682.0,0.41576814779204724,LateAircraftDelay,14561
MTH,0.0,0.0,0.0,0.0,0.0,0.0,0.0,0.0,0.0,0.0,0.0,CarrierDelay,2
MTJ,0.9422492401215805,0.3343465045592705,1.7325227963525835,0.00303951367781155,5.206686930091186,310.0,110.0,570.0,1.0,1713.0,0.3069908814589666,LateAircraftDelay,329
MVY,0.5625,0.0,8.25,0.0,5.0625,9.0,0.0,132.0,0.0,81.0,0.5625,NASDelay,16
MWH,0.0,0.0,4.285714285714286,0.0,0.0,0.0,0.0,30.0,0.0,0.0,0.14285714285714285,NASDelay,7
MYR,2.053861129136924,0.27060350421804025,2.8475016223231666,0.0,2.4250486696950033,3165.0,417.0,4388.0,0.0,3737.0,0.390655418559377,NASDelay,1541
OAJ,1.853731343283582,1.2746268656716417,2.4925373134328357,0.0,3.629850746268657,621.0,427.0,835.0,0.0,1216.0,0.4388059701492537,LateAircraftDelay,335
OAK,1.251771833561957,0.07961819844535895,0.672267946959305,0.017661179698216737,2.186042524005487,21901.0,1393.0,11762.0,309.0,38247.0,0.4403292181069959,LateAircraftDelay,17496
OGD,5.0,0.0,0.0,0.0,0.0,15.0,0.0,0.0,0.0,0.0,1.0,CarrierDelay,3
OGG,1.9653954802259888,0.08451035781544255,0.6640772128060264,0.003295668549905838,2.3895951035781544,8349.0,359.0,2821.0,14.0,10151.0,0.3500470809792844,LateAircraftDelay,4248
OGS,119.07692307692308,0.0,1.3076923076923077,0.0,10.76923076923077,1548.0,0.0,17.0,0.0,140.0,0.46153846153846156,CarrierDelay,13
OKC,1.281524530341938,0.31139343154480337,1.336531963778889,0.009055277740235167,2.7655088525476414,9482.0,2304.0,9889.0,67.0,20462.0,0.4087038789025544,LateAircraftDelay,7399
OMA,1.5263711495116454,0.19233658903080392,1.7065364387678437,0.00405709992486852,1.9831705484598046,10158.0,1280.0,11357.0,27.0,13198.0,0.3873779113448535,LateAircraftDelay,6655
OME,1.3714285714285714,0.1492063492063492,0.37142857142857144,0.09523809523809523,2.450793650793651,432.0,47.0,117.0,30.0,772.0,0.473015873015873,LateAircraftDelay,315
ONT,0.7713030187237294,0.06381352693924341,0.6369889186090943,0.01222774168895682,1.7309896828429499,8074.0,668.0,6668.0,128.0,18120.0,0.41631639281620175,LateAircraftDelay,10468
ORD,2.3810374421203897,0.5757823726648571,2.077768242056522,0.0036723614881047422,3.5305764010857414,238599.0,57698.0,208209.0,368.0,353792.0,0.474453137474054,LateAircraftDelay,100208
ORF,1.4601037950048654,0.25948751216347715,1.900583846902368,0.003405773597145637,2.3319818358741484,9003.0,1600.0,11719.0,21.0,14379.0,0.4313979889717807,LateAircraftDelay,6166
ORH,1.6919191919191918,0.0,1.3080808080808082,0.03535353535353535,1.7525252525252526,335.0,0.0,259.0,7.0,347.0,0.45454545454545453,LateAircraftDelay,198
OTH,0.6265060240963856,0.5301204819277109,13.301204819277109,0.0,14.144578313253012,52.0,44.0,1104.0,0.0,1174.0,0.4939759036144578,LateAircraftDelay,83
OTZ,0.8333333333333334,0.941358024691358,0.36728395061728397,0.16049382716049382,4.830246913580247,270.0,305.0,119.0,52.0,1565.0,0.43209876543209874,LateAircraftDelay,324
OWB,0.0,0.0,0.0,0.0,0.0,0.0,0.0,0.0,0.0,0.0,0.3333333333333333,CarrierDelay,3
OXR,3.100840336134454,0.0,0.48739495798319327,0.0,0.680672268907563,369.0,0.0,58.0,0.0,81.0,0.2605042016806723,CarrierDelay,119
PAE,7.1875,0.0,6.6875,0.0,1.1875,115.0,0.0,107.0,0.0,19.0,0.375,CarrierDelay,16
PAH,3.25,0.0,4.4125,0.0,14.425,260.0,0.0,353.0,0.0,1154.0,0.4375,LateAircraftDelay,80
PBG,3.606060606060606,0.0,0.9393939393939394,0.0,2.5757575757575757,119.0,0.0,31.0,0.0,85.0,0.3333333333333333,CarrierDelay,33
PBI,1.302803967185013,0.09905718133953716,2.6629117178890658,0.026325456103832495,2.9668176809109834,10640.0,809.0,21748.0,215.0,24230.0,0.4465532019101261,LateAircraftDelay,8167
PDX,1.1253521126760564,0.047359154929577464,1.0271713615023474,0.014084507042253521,1.7679577464788732,19176.0,807.0,17503.0,240.0,30126.0,0.4223591549295775,LateAircraftDelay,17040
PFN,3.8247422680412373,1.9793814432989691,4.268041237113402,0.030927835051546393,1.4570446735395188,1113.0,576.0,1242.0,9.0,424.0,0.5463917525773195,NASDelay,291
PGD,11.408333333333333,4.391666666666667,1.9666666666666666,0.0,4.65,1369.0,527.0,236.0,0.0,558.0,0.35833333333333334,CarrierDelay,120
PGV,0.0,0.0,0.0,0.0,0.0,0.0,0.0,0.0,0.0,0.0,0.1111111111111111,CarrierDelay,9
PHF,1.0976863753213368,0.14010282776349614,5.073264781491003,0.0,4.060411311053985,854.0,109.0,3947.0,0.0,3159.0,0.38688946015424164,NASDelay,778
PHL,2.036326942482341,0.26125756811301715,2.3820951059535824,0.010879162462159435,2.781975277497477,64576.0,8285.0,75541.0,345.0,88222.0,0.46231710393541875,LateAircraftDelay,31712
PHX,1.7967900830652344,0.10451315048076049,1.021284330297908,0.019139538688041878,1.7404075104058745,98854.0,5750.0,56188.0,1053.0,95752.0,0.4602577385171856,CarrierDelay,55017
PIA,2.587918015102481,0.4778856526429342,3.0204962243797193,0.0,3.469255663430421,2399.0,443.0,2800.0,0.0,3216.0,0.36893203883495146,LateAircraftDelay,927
PIB,0.0,0.0,1.75,0.0,0.0,0.0,0.0,70.0,0.0,0.0,0.125,NASDelay,40
PIE,3.2552447552447554,1.2972027972027973,1.3566433566433567,0.0,2.1573426573426575,931.0,371.0,388.0,0.0,617.0,0.25874125874125875,CarrierDelay,286
PIH,1.885185185185185,0.337037037037037,0.8740740740740741,0.08518518518518518,2.696296296296296,509.0,91.0,236.0,23.0,728.0,0.2814814814814815,LateAircraftDelay,270
PIR,0.0,0.0,24.125,0.0,1.875,0.0,0.0,193.0,0.0,15.0,0.25,NASDelay,8
PIT,0.6725338027042164,0.14245139611168894,1.138691095287623,0.0008800704056324506,1.2212977038163053,16812.0,3561.0,28465.0,22.0,30530.0,0.49035922873829907,LateAircraftDelay,24998
PLN,12.436781609195402,0.0,1.206896551724138,0.0,3.310344827586207,1082.0,0.0,105.0,0.0,288.0,0.27586206896551724,CarrierDelay,87
PMD,2.806451612903226,0.0,0.0,0.0,0.0,87.0,0.0,0.0,0.0,0.0,0.41935483870967744,CarrierDelay,31
PNS,1.750557620817844,0.3171003717472119,1.4215613382899628,0.0,3.0472118959107806,4709.0,853.0,3824.0,0.0,8197.0,0.42825278810408923,LateAircraftDelay,2690
PPG,8.75,0.0,0.0,0.0,0.0,70.0,0.0,0.0,0.0,0.0,0.375,CarrierDelay,8
PRC,10.23076923076923,0.0,1.2307692307692308,0.0,1.5384615384615385,133.0,0.0,16.0,0.0,20.0,0.38461538461538464,CarrierDelay,13
PSC,1.0438829787234043,0.16090425531914893,1.4561170212765957,0.0,2.386968085106383,785.0,121.0,1095.0,0.0,1795.0,0.3497340425531915,LateAircraftDelay,752
PSE,0.6299212598425197,0.0,2.015748031496063,0.023622047244094488,9.692913385826772,80.0,0.0,256.0,3.0,1231.0,0.30708661417322836,LateAircraftDelay,127
PSG,1.4545454545454546,0.4743083003952569,0.3675889328063241,0.0,4.24901185770751,368.0,120.0,93.0,0.0,1075.0,0.43873517786561267,LateAircraftDelay,253
PSM,0.0,0.0,0.0,0.0,47.22222222222222,0.0,0.0,0.0,0.0,425.0,0.4444444444444444,LateAircraftDelay,9
PSP,2.8561072852482785,0.21167089525190286,2.067053280173976,0.015585357013410656,2.8836534976440737,7880.0,584.0,5703.0,43.0,7956.0,0.39180862631388186,LateAircraftDelay,2759
PUB,0.0,0.21428571428571427,0.5612244897959183,0.0,1.2959183673469388,0.0,21.0,55.0,0.0,127.0,0.3469387755102041,LateAircraftDelay,98
PVD,1.161903241258183,0.29762094842727127,2.0881366757145137,0.013252434935334505,2.212038958965352,7277.0,1864.0,13078.0,83.0,13854.0,0.3862366278141466,LateAircraftDelay,6263
PVU,0.0,2.272727272727273,0.0,0.0,3.1818181818181817,0.0,25.0,0.0,0.0,35.0,0.2727272727272727,LateAircraftDelay,11
PWM,2.4895522388059703,0.4004264392324094,2.9995735607675904,0.019189765458422176,2.499786780383795,5838.0,939.0,7034.0,45.0,5862.0,0.4157782515991471,NASDelay,2345
RAP,2.5311601150527325,0.2665388302972196,3.2406519654841803,0.0,3.1265580057526368,2640.0,278.0,3380.0,0.0,3261.0,0.3537871524448706,NASDelay,1043
RDD,8.696969696969697,0.11742424242424243,5.196969696969697,0.0,7.2727272727272725,2296.0,31.0,1372.0,0.0,1920.0,0.3977272727272727,CarrierDelay,264
RDM,2.220910623946037,0.49409780775716694,2.566610455311973,0.01517706576728499,4.7099494097807755,1317.0,293.0,1522.0,9.0,2793.0,0.3642495784148398,LateAircraftDelay,593
RDU,1.5137364380432714,0.3055643677431635,2.4254806167121377,0.0,2.5113888712645136,23858.0,4816.0,38228.0,0.0,39582.0,0.4181841253727555,LateAircraftDelay,15761
RFD,1.1875,0.0,2.4375,0.0,12.84375,38.0,0.0,78.0,0.0,411.0,0.40625,LateAircraftDelay,32
RHI,4.756756756756757,0.7972972972972973,0.8378378378378378,0.0,5.945945945945946,352.0,59.0,62.0,0.0,440.0,0.3108108108108108,LateAircraftDelay,74
RIC,2.3189701412479886,0.1537636331128196,2.963168246021813,0.006436617200071518,2.4645092079384945,12970.0,860.0,16573.0,36.0,13784.0,0.417843733237976,NASDelay,5593
RKS,1.860759493670886,0.0,1.5759493670886076,0.0,1.7025316455696202,294.0,0.0,249.0,0.0,269.0,0.31645569620253167,CarrierDelay,158
RNO,0.9340087237934431,0.2092303362881666,0.9401998030111158,0.009427325172365273,2.3298156746869285,6638.0,1487.0,6682.0,67.0,16558.0,0.4164907837343464,LateAircraftDelay,7107
ROA,2.3906093906093906,0.7712287712287712,2.3726273726273726,0.017982017982017984,2.276723276723277,2393.0,772.0,2375.0,18.0,2279.0,0.4155844155844156,CarrierDelay,1001
ROC,2.0151392813887767,0.21154622527250708,2.7549454985870003,0.0012111425111021397,2.2379895034315704,9983.0,1048.0,13648.0,6.0,11087.0,0.43480016148566814,NASDelay,4954
ROP,0.0,0.0,0.0,0.0,0.0,0.0,0.0,0.0,0.0,0.0,0.10526315789473684,CarrierDelay,19
ROR,0.0,0.0,0.0,0.0,0.0,0.0,0.0,0.0,0.0,0.0,0.4,CarrierDelay,25
ROW,2.4475524475524475,0.0,0.9370629370629371,0.0,2.993006993006993,350.0,0.0,134.0,0.0,428.0,0.3076923076923077,LateAircraftDelay,143
RST,0.8080459770114943,0.2149425287356322,2.174712643678161,0.0,2.7448275862068967,703.0,187.0,1892.0,0.0,2388.0,0.3724137931034483,LateAircraftDelay,870
RSW,1.4880682575656579,0.2178376216504466,2.5349953339554725,0.004932675643247567,3.162378349553393,11162.0,1634.0,19015.0,37.0,23721.0,0.41474470070657243,LateAircraftDelay,7501
SAF,5.489010989010989,0.8186813186813187,2.120879120879121,0.0,4.362637362637362,999.0,149.0,386.0,0.0,794.0,0.32967032967032966,CarrierDelay,182
SAN,1.0334961055732677,0.08753379878122604,1.3088098793333065,0.00863634529238468,2.3159933814923925,25609.0,2169.0,32431.0,214.0,57388.0,0.4099035473586505,LateAircraftDelay,24779
SAT,1.1439657262953682,0.17080268369574003,1.1364481448549026,0.0032333683614905826,2.1710451863228517,14152.0,2113.0,14059.0,40.0,26858.0,0.4057068951580309,LateAircraftDelay,12371
SAV,1.3396477234961781,0.33931538717181786,2.6414091060152876,0.017613825191093387,2.6726487205051512,4031.0,1021.0,7948.0,53.0,8042.0,0.4253904951811233,LateAircraftDelay,3009
SBA,2.2587904360056257,0.1350210970464135,3.5246132208157523,0.011251758087201125,3.4664791373652135,4818.0,288.0,7518.0,24.0,7394.0,0.37787154242850446,NASDelay,2133
SBN,4.597571552471813,0.6331309627059843,2.7493495229835214,0.0,3.1448395490026018,5301.0,730.0,3170.0,0.0,3626.0,0.3954900260190807,CarrierDelay,1153
SBP,1.8680089485458613,0.558165548098434,3.8031319910514543,0.0,4.676733780760626,1670.0,499.0,3400.0,0.0,4181.0,0.35570469798657717,LateAircraftDelay,894
SCC,0.2663316582914573,0.6482412060301508,0.5628140703517588,0.0,2.959798994974874,53.0,129.0,112.0,0.0,589.0,0.3768844221105528,LateAircraftDelay,199
SCE,2.9423076923076925,0.46153846153846156,3.0961538461538463,0.0,3.7948717948717947,459.0,72.0,483.0,0.0,592.0,0.23717948717948717,LateAircraftDelay,156
SCK,1.8305084745762712,0.0,0.3220338983050847,0.0,4.915254237288136,108.0,0.0,19.0,0.0,290.0,0.4576271186440678,LateAircraftDelay,59
SDF,1.514115672211201,0.3622768197772013,1.8002441629787884,0.004730657714024111,2.0398290859148482,9922.0,2374.0,11797.0,31.0,13367.0,0.4304898519761941,LateAircraftDelay,6553
SEA,1.949468085106383,0.1678221372220894,1.4251135548649294,0.009174037771934018,1.6850645469758547,65237.0,5616.0,47690.0,307.0,56389.0,0.4534425053789147,CarrierDelay,33464
SFB,6.602620087336245,1.6943231441048034,1.8908296943231442,0.0,5.6244541484716155,1512.0,388.0,433.0,0.0,1288.0,0.4017467248908297,CarrierDelay,229
SFO,2.102884911385725,0.1091516777342891,1.2980122256915432,0.006090857117727253,3.795439553190554,95635.0,4964.0,59031.0,277.0,172609.0,0.45936496767667884,LateAircraftDelay,45478
SGF,5.491558441558442,0.36883116883116884,3.233116883116883,0.005844155844155844,4.417532467532467,8457.0,568.0,4979.0,9.0,6803.0,0.39090909090909093,CarrierDelay,1540
SGU,2.8742138364779874,0.1740041928721174,1.4318658280922432,0.0,2.3291404612159328,1371.0,83.0,683.0,0.0,1111.0,0.3228511530398323,CarrierDelay,477
SHD,1.3157894736842106,0.0,0.0,0.0,0.0,25.0,0.0,0.0,0.0,0.0,0.21052631578947367,CarrierDelay,19
SHV,2.440826873385013,0.37209302325581395,1.8284237726098191,0.0,2.587080103359173,4723.0,720.0,3538.0,0.0,5006.0,0.40930232558139534,LateAircraftDelay,1935
SIT,1.4951690821256038,0.6207729468599034,0.642512077294686,0.0,2.4347826086956523,619.0,257.0,266.0,0.0,1008.0,0.427536231884058,LateAircraftDelay,414
SJC,1.0981528431727634,0.063805384522516,0.7139925147893276,0.02740552939756127,2.121393215018713,18192.0,1057.0,11828.0,454.0,35143.0,0.419956537486418,LateAircraftDelay,16566
SJT,0.58203125,1.41015625,1.28515625,0.0,2.6328125,149.0,361.0,329.0,0.0,674.0,0.26171875,LateAircraftDelay,256
SJU,2.215734720416125,0.1951885565669701,1.1078023407022106,0.010013003901170351,3.2477243172951886,17039.0,1501.0,8519.0,77.0,24975.0,0.40780234070221066,LateAircraftDelay,7690
SLC,1.8685023465811204,0.2537575001485178,1.1773599477217371,0.009445731598645517,1.4169785540307729,62905.0,8543.0,39637.0,318.0,47704.0,0.43120655854571377,CarrierDelay,33666
SLE,0.0,0.0,0.0,0.0,0.0,0.0,0.0,0.0,0.0,0.0,0.2,CarrierDelay,5
SLN,28.875,59.4375,2.625,0.0,7.1875,462.0,951.0,42.0,0.0,115.0,0.5625,WeatherDelay,16
SMF,1.1780322748568455,0.06707815869710716,0.87692422101584,0.008998289581319253,2.653974864281996,15841.0,902.0,11792.0,121.0,35688.0,0.4162266676582137,LateAircraftDelay,13447
SMX,1.6130434782608696,0.0,1.2173913043478262,0.0,2.143478260869565,371.0,0.0,280.0,0.0,493.0,0.2608695652173913,LateAircraftDelay,230
SNA,0.931881757012172,0.09034550540560973,1.525894004687382,0.011416042942466167,2.175020790806683,12326.0,1195.0,20183.0,151.0,28769.0,0.4193694715354956,LateAircraftDelay,13227
SOP,6.6,3.0,3.8,0.0,0.0,33.0,15.0,19.0,0.0,0.0,0.8,CarrierDelay,5
SPI,5.681003584229391,0.3046594982078853,8.039426523297491,0.0,5.659498207885305,1585.0,85.0,2243.0,0.0,1579.0,0.3548387096774194,NASDelay,279
SPN,0.0,0.0,0.0,0.0,0.0,0.0,0.0,0.0,0.0,0.0,0.2980769230769231,CarrierDelay,104
SPS,0.22641509433962265,0.12075471698113208,1.679245283018868,0.0,3.6,60.0,32.0,445.0,0.0,954.0,0.27169811320754716,LateAircraftDelay,265
SRQ,0.8213058419243986,0.49312714776632305,1.6494845360824741,0.00816151202749141,1.6743986254295533,1912.0,1148.0,3840.0,19.0,3898.0,0.44372852233676974,LateAircraftDelay,2328
STC,4.0,0.0,9.666666666666666,0.0,0.7777777777777778,36.0,0.0,87.0,0.0,7.0,0.5555555555555556,NASDelay,9
STL,0.806592039800995,0.12298625918028903,0.8684849561715233,0.004294006159677802,1.3424247808576166,27237.0,4153.0,29327.0,145.0,45331.0,0.4586294716891732,LateAircraftDelay,33768
STS,0.5,0.0,1.4333333333333333,0.1,6.833333333333333,30.0,0.0,86.0,6.0,410.0,0.36666666666666664,LateAircraftDelay,60
STT,1.1331360946745561,0.1291913214990138,1.2238658777120315,0.046351084812623275,3.203155818540434,1149.0,131.0,1241.0,47.0,3248.0,0.3796844181459566,LateAircraftDelay,1014
STX,3.717741935483871,0.0,0.6666666666666666,0.010752688172043012,1.5483870967741935,1383.0,0.0,248.0,4.0,576.0,0.4435483870967742,CarrierDelay,372
SUN,2.1,0.9351351351351351,0.9918918918918919,0.0,3.1027027027027025,777.0,346.0,367.0,0.0,1148.0,0.2891891891891892,LateAircraftDelay,370
SUX,0.043824701195219126,0.0,0.7848605577689243,0.03187250996015936,2.1155378486055776,11.0,0.0,197.0,8.0,531.0,0.3904382470119522,LateAircraftDelay,251
SWF,2.1241655540720963,0.38985313751668893,2.096128170894526,0.0,2.2149532710280373,1591.0,292.0,1570.0,0.0,1659.0,0.40854472630173566,LateAircraftDelay,749
SWO,0.2222222222222222,0.0,1.3333333333333333,0.0,11.61111111111111,4.0,0.0,24.0,0.0,209.0,0.1111111111111111,LateAircraftDelay,18
SYR,1.1514456172556218,0.22349701698026617,2.106700321248279,0.006195502524093621,2.285910968334098,5018.0,974.0,9181.0,27.0,9962.0,0.44125745754933454,LateAircraftDelay,4358
TEX,0.0,6.166666666666667,0.0,0.0,0.0,0.0,74.0,0.0,0.0,0.0,0.08333333333333333,WeatherDelay,12
TLH,1.6432566811684275,0.5966438781852083,1.7843380981976382,0.0,2.420758234928527,2644.0,960.0,2871.0,0.0,3895.0,0.4095711622125544,LateAircraftDelay,1609
TOL,1.8547486033519553,0.8072625698324022,2.2458100558659218,0.0,3.420391061452514,1328.0,578.0,1608.0,0.0,2449.0,0.43575418994413406,LateAircraftDelay,716
TPA,1.4133812345448606,0.3440955535855923,1.5638501376382214,0.00018662809685998226,2.5729949143843607,30293.0,7375.0,33518.0,4.0,55147.0,0.40484299911351657,LateAircraftDelay,21433
TRI,3.701492537313433,0.2810945273631841,1.3955223880597014,0.0,1.8519900497512438,2976.0,226.0,1122.0,0.0,1489.0,0.4154228855721393,CarrierDelay,804
TTN,3.2686567164179103,0.11940298507462686,7.253731343283582,0.0,6.124378109452737,657.0,24.0,1458.0,0.0,1231.0,0.44776119402985076,NASDelay,201
TUL,0.9629575187417316,0.2866382478318389,1.3272085844480377,0.0047038071439071,2.0007349698662353,6551.0,1950.0,9029.0,32.0,13611.0,0.400558577098339,LateAircraftDelay,6803
TUP,0.0,0.0,7.785714285714286,0.0,0.0,0.0,0.0,109.0,0.0,0.0,0.42857142857142855,NASDelay,14
TUS,1.3612903225806452,0.10522273425499232,1.0462365591397849,0.0026113671274961598,1.8559139784946237,8862.0,685.0,6811.0,17.0,12082.0,0.40291858678955456,LateAircraftDelay,6510
TVC,2.0652173913043477,0.30027173913043476,2.8505434782608696,0.012228260869565218,3.6793478260869565,1520.0,221.0,2098.0,9.0,2708.0,0.36141304347826086,LateAircraftDelay,736
TVL,0.0,0.0,0.0,0.0,0.0,0.0,0.0,0.0,0.0,0.0,0.375,CarrierDelay,40
TWF,2.162361623616236,0.6051660516605166,0.6531365313653137,0.0,1.2103321033210332,586.0,164.0,177.0,0.0,328.0,0.30996309963099633,CarrierDelay,271
TXK,4.754385964912281,0.4649122807017544,1.0043859649122806,0.0,2.258771929824561,1084.0,106.0,229.0,0.0,515.0,0.2807017543859649,CarrierDelay,228
TYR,1.1564245810055866,0.9664804469273743,1.5782122905027933,0.0,3.0335195530726256,414.0,346.0,565.0,0.0,1086.0,0.3268156424581006,LateAircraftDelay,358
TYS,2.947532792004997,0.24297314178638352,2.590568394753279,0.0,2.5028107432854467,9438.0,778.0,8295.0,0.0,8014.0,0.3910056214865709,CarrierDelay,3202
UCA,0.0,0.0,0.0,0.0,0.0,0.0,0.0,0.0,0.0,0.0,0.45454545454545453,CarrierDelay,44
UIN,0.7777777777777778,0.0,2.5555555555555554,0.0,4.444444444444445,14.0,0.0,46.0,0.0,80.0,0.3333333333333333,LateAircraftDelay,18
USA,0.0,0.0,0.0,0.0,3.5217391304347827,0.0,0.0,0.0,0.0,81.0,0.391304347826087,LateAircraftDelay,23
UST,0.0,20.75,3.5,0.0,4.0,0.0,83.0,14.0,0.0,16.0,0.25,WeatherDelay,4
UTM,0.0,0.0,6.5,0.0,17.0,0.0,0.0,13.0,0.0,34.0,0.5,LateAircraftDelay,2
VCT,0.896551724137931,0.0,0.0,0.0,1.103448275862069,26.0,0.0,0.0,0.0,32.0,0.3793103448275862,LateAircraftDelay,29
VEL,21.0,0.0,1.0416666666666667,0.0,8.25,504.0,0.0,25.0,0.0,198.0,0.2916666666666667,CarrierDelay,24
VIS,0.0,0.0,0.0,0.0,0.0,0.0,0.0,0.0,0.0,0.0,0.23809523809523808,CarrierDelay,21
VLD,1.6111111111111112,0.6919191919191919,3.8383838383838382,0.0,4.585858585858586,319.0,137.0,760.0,0.0,908.0,0.37373737373737376,LateAircraftDelay,198
VPS,3.047693510555121,0.9827990617670055,2.592650508209539,0.0023455824863174357,3.226739640344019,3898.0,1257.0,3316.0,3.0,4127.0,0.3776387802971071,LateAircraftDelay,1279
WRG,1.5534883720930233,0.46511627906976744,0.6325581395348837,0.0,4.4186046511627906,334.0,100.0,136.0,0.0,950.0,0.3627906976744186,LateAircraftDelay,215
WYS,2.911111111111111,0.0,0.0,0.0,0.6444444444444445,131.0,0.0,0.0,0.0,29.0,0.28888888888888886,CarrierDelay,45
XNA,2.8936068702290076,0.7137404580152672,4.123091603053435,0.0,4.4570610687022905,6065.0,1496.0,8642.0,0.0,9342.0,0.3683206106870229,LateAircraftDelay,2096
XWA,0.0,0.0,0.0,0.0,0.0,0.0,0.0,0.0,0.0,0.0,0.0,CarrierDelay,2
YAK,0.6339285714285714,0.46875,0.4419642857142857,0.0,3.9464285714285716,142.0,105.0,99.0,0.0,884.0,0.3392857142857143,LateAircraftDelay,224
YAP,0.0,0.0,0.0,0.0,0.0,0.0,0.0,0.0,0.0,0.0,0.7142857142857143,CarrierDelay,7
YKM,1.1818181818181819,0.0,1.7272727272727273,0.0,0.0,26.0,0.0,38.0,0.0,0.0,0.6818181818181818,NASDelay,22
YUM,2.068359375,0.451171875,0.7109375,0.0,1.76171875,1059.0,231.0,364.0,0.0,902.0,0.35546875,CarrierDelay,512
