Origin,FlightsCount,DelayedFlightRate,AvgArrDelay,AvgCarrierDelay,AvgWeatherDelay,AvgNASDelay,AvgSecurityDelay,AvgLateAircraftDelay,CarrierShare,WeatherShare,NASShare,SecurityShare,LateAircraftShare,cluster,pc1,pc2
ABE,1596,0.40225563909774437,5.227386934673367,1.7957393483709274,0.12781954887218044,1.8345864661654134,0.0,1.7706766917293233,0.3247960108794198,0.023118766999093383,0.3318223028105168,0.0,0.32026291931097006,,,
ABI,462,0.30952380952380953,4.1147186147186146,3.8614718614718613,0.7337662337662337,1.251082251082251,0.0,2.5952380952380953,0.4574358974358974,0.08692307692307692,0.1482051282051282,0.0,0.30743589743589744,,,
ABQ,10779,0.4231375823360238,4.301951672862454,0.9615919844141386,0.16782632897300306,0.7600890620651266,0.004824195194359403,2.2134706373504036,0.2340891639188762,0.04085550386196305,0.18503545778942138,0.0011743981209630064,0.5388454763087763,6.0,-2.599486689659961,-0.1755624286731329
ABR,80,0.275,21.4875,22.9875,0.9125,0.825,0.1125,4.325,0.7882554650664381,0.031290184312044576,0.02828975567938277,0.0038576939562794685,0.1483069009858551,,,
ABY,182,0.489010989010989,12.508287292817679,5.978021978021978,0.5934065934065934,4.335164835164835,0.0,5.016483516483516,0.3754313319530711,0.037267080745341616,0.2722567287784679,0.0,0.3150448585231194,,,
ACK,73,0.5205479452054794,26.671232876712327,0.726027397260274,0.0,21.465753424657535,0.1232876712328767,8.986301369863014,0.023194748358862146,0.0,0.6857768052516411,0.003938730853391685,0.287089715536105,,,
ACT,325,0.28923076923076924,0.5524691358024691,2.4984615384615383,0.3723076923076923,1.1784615384615384,0.0,1.88,0.4213803840166061,0.06279190451478983,0.19875454073689672,0.0,0.3170731707317073,,,
ACV,524,0.39122137404580154,11.349904397705545,3.0477099236641223,0.1851145038167939,4.419847328244275,0.0,8.288167938931299,0.19118879444510953,0.011612594277505089,0.27726565305878126,0.0,0.5199329582186041,,,
ACY,270,0.35185185185185186,4.659259259259259,3.8444444444444446,0.09259259259259259,3.4518518518518517,0.0,4.051851851851852,0.3360310780187763,0.00809323405632891,0.30171576561994173,0.0,0.3541599223049531,,,
ADK,22,0.4090909090909091,-8.523809523809524,1.0454545454545454,0.0,0.0,1.2727272727272727,2.1818181818181817,0.23232323232323232,0.0,0.0,0.2828282828282828,0.48484848484848486,,,
ADQ,166,0.46987951807228917,3.9698795180722892,0.46987951807228917,0.5662650602409639,0.18072289156626506,0.5060240963855421,1.4578313253012047,0.14772727272727273,0.17803030303030304,0.056818181818181816,0.1590909090909091,0.4583333333333333,,,
AEX,568,0.38028169014084506,7.160777385159011,3.2940140845070425,0.9225352112676056,3.413732394366197,0.3767605633802817,5.316901408450704,0.24722515856236787,0.06923890063424948,0.2562103594080338,0.028276955602537,0.39904862579281186,,,
AGS,813,0.4317343173431734,8.323057953144266,2.1845018450184504,0.8068880688806888,2.7072570725707257,0.0,4.296432964329643,0.21855771597341866,0.08072852571991139,0.2708589712035442,0.0,0.42985478710312575,,,
AKN,69,0.5797101449275363,17.98507462686567,1.5072463768115942,0.0,0.2318840579710145,0.0,8.72463768115942,0.1440443213296399,0.0,0.0221606648199446,0.0,0.8337950138504155,,,
ALB,4072,0.4214145383104126,4.254183070866142,1.455550098231827,0.30844793713163066,1.8651768172888015,0.0,1.9199410609037328,0.2623030624889361,0.05558505930253142,0.3361214374225527,0.0,0.34599044078597985,,,
ALO,78,0.358974358974359,1.2820512820512822,2.2435897435897436,0.7307692307692307,4.102564102564102,0.0,0.6794871794871795,0.2892561983471074,0.09421487603305785,0.5289256198347108,0.0,0.08760330578512397,,,
AMA,1979,0.3724103082364831,4.048101265822785,1.0737746336533602,0.1258211217786761,0.7933299646286003,0.0,2.8989388580090956,0.2195021175498399,0.025720483421134182,0.16217332920152877,0.0,0.5926040698274971,,,
ANC,5934,0.45129760701044824,3.9338409475465315,1.7445230872935624,0.06268958543983821,0.6830131445904954,0.003707448601280755,1.2360970677451972,0.46769675612180356,0.01680672268907563,0.18311195445920303,0.0009939459654829674,0.3313906207644348,3.0,-1.7326776149216787,-1.1681831041778166
ANI,3,0.6666666666666666,82.0,0.0,0.0,0.0,0.0,0.0,0.0,0.0,0.0,0.0,0.0,,,
APF,37,0.4594594594594595,4.675675675675675,0.43243243243243246,0.0,5.27027027027027,0.7567567567567568,0.5945945945945946,0.06130268199233716,0.0,0.7471264367816092,0.10727969348659004,0.0842911877394636,,,
APN,41,0.24390243902439024,2.375,6.975609756097561,0.34146341463414637,0.1951219512195122,0.0,4.390243902439025,0.5860655737704918,0.028688524590163935,0.01639344262295082,0.0,0.36885245901639346,,,
ART,12,0.25,-7.25,9.583333333333334,0.3333333333333333,0.0,0.0,4.583333333333333,0.6609195402298851,0.022988505747126436,0.0,0.0,0.3160919540229885,,,
ASE,646,0.38235294117647056,10.433903576982893,4.970588235294118,1.4179566563467492,3.7863777089783284,0.021671826625386997,7.188854489164087,0.2859050841421067,0.08155996794586412,0.21779004541002583,0.0012465497284302378,0.41349835277357316,,,
ATL,106987,0.4710852720423977,7.446292446292446,2.567620365091086,0.563432940450709,1.7751595988297644,0.0019908960901791808,2.4440165627599617,0.34923060493877384,0.07663439241690737,0.24144537447622147,0.0002707884138155486,0.33241883975428177,5.0,3.413553267861198,-0.730155323651611
ATW,677,0.3249630723781389,7.827178729689808,5.988183161004431,1.5096011816838995,3.293943870014771,0.0,4.456425406203841,0.3927152959411024,0.09900222803448609,0.2160224740869902,0.0,0.2922600019374213,,,
ATY,7,0.42857142857142855,-9.285714285714286,3.2857142857142856,0.0,0.2857142857142857,0.0,0.0,0.92,0.0,0.08,0.0,0.0,,,
AUS,13889,0.39542083663330696,3.9738948582966755,1.4151486788105696,0.24019007847937215,1.4595723234214126,0.005687954496364029,2.2861977104183167,0.26173513549503963,0.04442372994207337,0.2699513948997936,0.0010520007989879487,0.4228377388641055,6.0,-1.1470715831363436,-1.0094387071312556
AVL,1210,0.4305785123966942,7.3507030603804795,1.8892561983471075,0.5272727272727272,3.8206611570247935,0.013223140495867768,4.167768595041323,0.18134221799143266,0.0506108202443281,0.36673012851023323,0.0012692368713311123,0.4000475963826749,,,
AVP,696,0.4281609195402299,3.610951008645533,0.48563218390804597,0.7974137931034483,3.1235632183908044,0.0,1.8175287356321839,0.07802400738688828,0.1281163434903047,0.5018467220683287,0.0,0.2920129270544783,,,
AZA,122,0.38524590163934425,3.553719008264463,2.278688524590164,0.28688524590163933,3.901639344262295,0.0,2.7868852459016393,0.2462356067316209,0.03100088573959256,0.4216120460584588,0.0,0.30115146147032773,,,
AZO,901,0.36847946725860153,2.274749721913237,0.5682574916759157,0.3662597114317425,2.881243063263041,0.0,1.6037735849056605,0.10485357362277288,0.06758140487405284,0.5316403850092156,0.0,0.2959246364939586,,,
BDL,9219,0.4104566655819503,3.5059834638816363,1.124416964963662,0.20848248183100118,1.825686083089272,0.018223234624145785,1.7158043171710597,0.22981931049772752,0.04261168384879725,0.373151535306507,0.0037246425008313935,0.3506928278461368,7.0,-0.8640832060704873,0.06262182562966336
BET,287,0.4634146341463415,7.2229965156794425,1.32404181184669,0.4181184668989547,0.41114982578397213,0.3588850174216028,4.689895470383275,0.18384131591678762,0.05805515239477504,0.057087566521528785,0.049830672472181904,0.6511852926947267,,,
BFF,14,0.2857142857142857,12.642857142857142,0.0,7.642857142857143,4.5,0.0,10.428571428571429,0.0,0.33860759493670883,0.19936708860759494,0.0,0.4620253164556962,,,
BFL,714,0.32072829131652664,4.214586255259467,2.6218487394957983,0.037815126050420166,2.219887955182073,0.0,3.816526610644258,0.30149782573683365,0.004348526332742793,0.2552746013850862,0.0,0.43887904654533744,,,
BFM,3,0.3333333333333333,-6.666666666666667,0.0,0.0,5.333333333333333,0.0,0.0,0.0,0.0,1.0,0.0,0.0,,,
BGM,322,0.37888198757763975,0.6987577639751553,1.2857142857142858,0.018633540372670808,1.720496894409938,0.0,0.4409937888198758,0.3709677419354839,0.005376344086021506,0.496415770609319,0.0,0.12724014336917563,,,
BGR,694,0.38472622478386165,7.795355587808418,4.011527377521614,0.6210374639769453,2.6599423631123917,0.0,2.8688760806916425,0.394781622234827,0.061117413499716396,0.26176971072036304,0.0,0.2823312535450936,,,
BHM,5954,0.42290896876049716,5.66919191919192,1.5482028888142425,0.2314410480349345,1.7739334900906953,0.001007725898555593,2.4287873698354048,0.25875087719298245,0.03868070175438597,0.2964771929824561,0.00016842105263157895,0.40592280701754385,1.0,-0.074904746241097,-1.225316545159635
BIL,1342,0.3524590163934426,1.280806572068708,1.540983606557377,0.05663189269746647,0.812220566318927,0.0,1.399403874813711,0.4045383411580595,0.01486697965571205,0.21322378716744914,0.0,0.3673708920187793,,,
BIS,873,0.3344788087056128,2.4052812858783006,2.8579610538373426,0.09851088201603665,1.711340206185567,0.0,1.5383734249713632,0.4605020302694721,0.015873015873015872,0.2757475083056478,0.0,0.24787744555186417,,,
BJI,55,0.2909090909090909,-0.12727272727272726,0.5818181818181818,1.981818181818182,2.0,0.0,3.981818181818182,0.06808510638297872,0.23191489361702128,0.23404255319148937,0.0,0.46595744680851064,,,
BKG,72,0.4166666666666667,3.6805555555555554,0.5694444444444444,2.4027777777777777,1.8888888888888888,0.0,4.319444444444445,0.06202723146747353,0.2617246596066566,0.20574886535552195,0.0,0.47049924357034795,,,
BLI,175,0.34285714285714286,-0.5953757225433526,1.022857142857143,0.21142857142857144,0.5942857142857143,0.0,1.8514285714285714,0.2779503105590062,0.05745341614906832,0.16149068322981366,0.0,0.5031055900621118,,,
BLV,26,0.46153846153846156,4.769230769230769,1.8846153846153846,2.8846153846153846,1.1923076923076923,2.8846153846153846,1.5769230769230769,0.18081180811808117,0.2767527675276753,0.11439114391143912,0.2767527675276753,0.15129151291512916,,,
BMI,616,0.3912337662337662,4.61400651465798,3.147727272727273,0.5048701298701299,3.2045454545454546,0.0,4.314935064935065,0.2817494914269108,0.04519035164196455,0.2868352223190933,0.0,0.3862249346120314,,,
BNA,18591,0.41659942983163895,4.925312769628991,1.3146683879296435,0.18449787531601314,1.5241783658759616,0.002259157656930773,2.7239524501102683,0.2286556272803817,0.032089063523248196,0.2650949574328749,0.0003929273084479371,0.47376742445504727,6.0,-1.2522204695876964,-0.6466585613066878
BOI,4076,0.3680078508341511,4.346948818897638,1.3370951913640825,0.08856722276741903,1.612855740922473,0.0036800785083415115,2.72693817468106,0.23176695726132257,0.015351903040612375,0.27956623431852007,0.0006378907080586859,0.47267701467148626,,,
BOS,36341,0.43865055997358354,6.4547586853941885,1.8309897911449877,0.3469084505104427,2.5585977270851106,0.01994991882446823,2.5988277702870035,0.2489356448607921,0.04716458783829284,0.3478589439501979,0.002712328562129159,0.353328494788588,0.0,1.7563904330838027,1.222200984584649
BPT,149,0.3691275167785235,11.655405405405405,6.3355704697986575,0.37583892617449666,1.8791946308724832,0.0,7.973154362416107,0.3824959481361426,0.022690437601296597,0.11345218800648298,0.0,0.4813614262560778,,,
BQK,206,0.34951456310679613,5.247572815533981,1.1650485436893203,1.912621359223301,4.325242718446602,0.0,3.1019417475728157,0.11090573012939002,0.18207024029574861,0.41173752310536044,0.0,0.29528650646950094,,,
BQN,270,0.4074074074074074,8.278810408921933,3.4555555555555557,0.1111111111111111,1.4962962962962962,0.0,9.448148148148148,0.23813169984686064,0.007656967840735069,0.1031138335885656,0.0,0.6510974987238387,,,
BRD,61,0.3114754098360656,17.868852459016395,3.9344262295081966,0.3770491803278688,1.3442622950819672,0.0,21.672131147540984,0.14397120575884823,0.013797240551889621,0.04919016196760648,0.0,0.7930413917216557,,,
BRO,416,0.3317307692307692,5.88433734939759,4.189903846153846,0.3557692307692308,2.0865384615384617,0.0,4.146634615384615,0.38871543264942016,0.03300624442462088,0.1935771632471008,0.0,0.38470115967885815,,,
BRW,212,0.4481132075471698,7.538461538461538,0.25,0.5849056603773585,0.39622641509433965,0.44339622641509435,4.7924528301886795,0.03865791393143691,0.09044493070751276,0.061269146608315096,0.06856309263311451,0.7410649161196207,,,
BTM,187,0.2887700534759358,-2.9946524064171123,0.1925133689839572,0.48663101604278075,0.17647058823529413,0.0,1.2727272727272727,0.09045226130653267,0.228643216080402,0.0829145728643216,0.0,0.5979899497487438,,,
BTR,2447,0.44176542705353494,7.553593429158111,2.8344912137310994,0.553330608908868,2.0318757662443807,0.0,2.6240294237842257,0.3523853071178174,0.06879032667784382,0.25260376975054616,0.0,0.3262205964537926,,,
BTV,1673,0.4219964136282128,9.605026929982047,2.781231320980275,0.6557083084279737,4.290496114763897,0.00657501494321578,3.397489539748954,0.24985233313644417,0.05890565429844816,0.3854373624013317,0.0005906674542232723,0.3052139827095527,,,
BUF,7401,0.42048371841643023,5.163983222838588,1.2891501148493447,0.28239427104445347,2.429671665991082,0.0037832725307390892,2.3446831509255506,0.2030259182023237,0.04447376260799251,0.3826445929267566,0.0005958207430735838,0.3692599055198536,1.0,0.5703002860608927,-1.5147035209166992
BUR,8844,0.39676616915422885,4.813718820861678,0.899932157394844,0.09961555857078246,1.1292401628222524,0.004975124378109453,2.47037539574853,0.19546157813305828,0.021636091259608536,0.2452663375819642,0.0010805766349861244,0.5365554163903828,6.0,-2.887072209584503,-0.17424358455769293
BWI,28597,0.4311291394202189,6.062147486424943,1.9301675000874217,0.2619155855509319,1.639682484176662,0.018918068328845683,2.809980067839284,0.28978606116288225,0.03932274576716104,0.24617403858774117,0.002840267751673448,0.4218768867305421,4.0,0.18280751282326058,1.8862820968231886
BZN,1275,0.36705882352941177,1.4025157232704402,1.316078431372549,0.07294117647058823,1.247843137254902,0.011764705882352941,2.0509803921568626,0.2800400534045394,0.015520694259012017,0.26552069425901204,0.0025033377837116156,0.436415220293725,,,
CAE,2403,0.455264253017062,7.883555926544241,3.059508947149397,0.3503953391593841,1.7037037037037037,0.0,3.2421972534332086,0.36615369291299366,0.04193435928084068,0.20389461626575028,0.0,0.38801733154041534,,,
CAK,1619,0.3823347745521927,7.6230626162430255,3.177269919703521,1.9549104385423102,3.767140210006177,0.0,3.936998147004324,0.24752189394668464,0.1522952555095756,0.29347512270233855,0.0,0.3067077278414012,,,
CCR,49,0.30612244897959184,1.7551020408163265,0.0,0.0,0.0,0.0,0.0,0.0,0.0,0.0,0.0,0.0,,,
CDC,116,0.23275862068965517,-1.6637931034482758,2.2586206896551726,0.0,0.5775862068965517,0.0,2.6120689655172415,0.41455696202531644,0.0,0.1060126582278481,0.0,0.47943037974683544,,,
CDV,242,0.4132231404958678,2.763485477178423,0.71900826446281,0.0,0.30991735537190085,0.045454545454545456,3.7768595041322315,0.14821124361158433,0.0,0.06388415672913117,0.009369676320272573,0.778534923339012,,,
CEC,104,0.41346153846153844,15.60576923076923,0.0,0.3173076923076923,11.192307692307692,0.0,10.038461538461538,0.0,0.014725568942436412,0.5194109772423026,0.0,0.46586345381526106,,,
CGI,12,0.3333333333333333,27.583333333333332,0.0,0.0,2.0833333333333335,0.0,38.333333333333336,0.0,0.0,0.05154639175257732,0.0,0.9484536082474226,,,
CHA,1291,0.40975987606506586,5.712179984484096,2.3872966692486446,0.8776142525174283,2.6072811773818745,0.000774593338497289,3.0364058869093724,0.2679533994087985,0.09850460789427926,0.29264475743348983,8.69414014953921e-05,0.34081029386193706,,,
CHO,493,0.385395537525355,7.401622718052739,4.578093306288032,0.24949290060851928,3.342799188640974,0.0,5.113590263691684,0.3446327683615819,0.018781493357764543,0.25164147198045506,0.0,0.3849442663001985,,,
CHS,4064,0.4077263779527559,4.712873733629849,1.577017716535433,0.2876476377952756,2.736466535433071,0.0,2.465551181102362,0.22316236637765938,0.04070475991503882,0.38723493157839756,0.0,0.34889794212890424,,,
CIC,138,0.34057971014492755,7.739130434782608,3.4927536231884058,0.0,5.7101449275362315,0.0,2.391304347826087,0.30125,0.0,0.4925,0.0,0.20625,,,
CID,2086,0.37679769894535,5.89375,2.12176414189837,0.5546500479386386,2.309683604985618,0.004314477468839885,3.361457334611697,0.2540466077373436,0.06641028584548272,0.27654689473080013,0.0005165882217885433,0.402479623464585,,,
CIU,45,0.4222222222222222,27.795454545454547,1.0,25.08888888888889,1.2666666666666666,0.0,6.488888888888889,0.02954694681549573,0.7413000656598818,0.03742613263296126,0.0,0.1917268548916612,,,
CKB,19,0.3157894736842105,10.473684210526315,0.0,14.526315789473685,6.0,0.0,1.368421052631579,0.0,0.6634615384615384,0.27403846153846156,0.0,0.0625,,,
CLD,292,0.3904109589041096,4.178082191780822,0.9691780821917808,0.5273972602739726,1.13013698630137,0.0,4.934931506849315,0.12817028985507245,0.06974637681159421,0.14945652173913043,0.0,0.6526268115942029,,,
CLE,19517,0.4174309576266844,5.195869933734011,1.4275759594199928,0.25331762053594303,1.9992314392580828,0.005123738279448686,1.7325408618127787,0.2634978579332129,0.04675663662414057,0.36901237953829713,0.0009457248508119048,0.3197874010535375,1.0,0.4337675480406444,-1.8142696087295902
CLL,415,0.30843373493975906,0.22409638554216868,0.6289156626506024,1.4987951807228916,0.8626506024096385,0.0,3.503614457831325,0.09684601113172542,0.23079777365491652,0.13283858998144712,0.0,0.5395176252319109,,,
CLT,42452,0.47338170168661076,7.176653843430648,2.0420003768962594,0.30959672100254404,1.9541835484782815,0.021506642796570243,2.19275888061811,0.31318802409055274,0.047483823417838134,0.29971928075176396,0.0032985414882816875,0.3363103302515635,0.0,1.8458297141308815,1.8199626962556494
CMH,11291,0.42697723850854663,6.1590162478913255,1.3757860242671154,0.19723673722433796,1.9773270746612346,0.0018598884066955983,2.31945797537862,0.23430924476220644,0.03359126355642035,0.33675731933571657,0.0003167564143173899,0.3950254159313393,1.0,0.022093525876084867,-1.2186051626415677
CMI,475,0.3494736842105263,5.486315789473684,4.555789473684211,0.4842105263157895,3.248421052631579,0.0,1.5073684210526315,0.4650762948635289,0.04943047496238986,0.33161401246507627,0.0,0.15387921770900495,,,
CMX,88,0.2727272727272727,9.045454545454545,3.8181818181818183,2.397727272727273,2.0454545454545454,0.0,9.931818181818182,0.2098688319800125,0.13179262960649593,0.11242973141786383,0.0,0.5459088069956277,,,
CNY,11,0.45454545454545453,50.36363636363637,0.0,1.5454545454545454,12.0,0.0,45.72727272727273,0.0,0.02607361963190184,0.20245398773006135,0.0,0.7714723926380368,,,
COD,178,0.33707865168539325,-0.25842696629213485,0.9831460674157303,1.0224719101123596,2.0168539325842696,0.0449438202247191,3.2191011235955056,0.13492675404780263,0.14032382420971473,0.27679259830377795,0.006168080185042405,0.4417887432536623,,,
COS,3855,0.43605706874189365,6.5695347023654795,2.730998702983139,0.7011673151750972,1.6070038910505837,0.010635538261997406,1.7797665369649804,0.39987845639623215,0.10266636280765724,0.23530082041932543,0.0015572774232756,0.2605970829535096,,,
COU,94,0.39361702127659576,0.5806451612903226,0.8829787234042553,0.0,3.4680851063829787,0.0,3.5,0.11246612466124661,0.0,0.44173441734417346,0.0,0.44579945799457993,,,
CPR,494,0.3724696356275304,0.6997971602434077,0.8360323886639676,1.3218623481781377,0.7773279352226721,0.0,2.617408906882591,0.15056507473569086,0.23806051768137076,0.13999270871308786,0.0,0.47138169886985054,,,
CRP,1934,0.3862461220268873,4.336623376623376,0.7916235780765254,0.27352637021716647,1.0977249224405377,0.001034126163391934,2.934850051706308,0.15525808741506947,0.05364567488084373,0.21529256667680763,0.00020281918669506134,0.5756008518405841,,,
CRW,1014,0.4240631163708087,3.8500986193293887,2.1291913214990137,0.2465483234714004,2.1429980276134124,0.0039447731755424065,2.5335305719921104,0.30174703004891684,0.03494060097833683,0.3037037037037037,0.0005590496156533892,0.3590496156533892,,,
CSG,337,0.4629080118694362,5.629080118694362,3.192878338278932,0.5014836795252225,1.9020771513353116,0.0,2.857566765578635,0.3776763776763777,0.05931905931905932,0.22499122499122498,0.0,0.338013338013338,,,
CVG,23347,0.4783912279950315,6.550733968580994,1.8422495395554033,0.5082880027412515,1.7821133336188804,0.009037563712682571,1.203623591896175,0.3446477078775932,0.0950904268532096,0.33339743743839995,0.0016907457711323188,0.2251736820596649,5.0,3.390957286486001,-1.542816587074521
CWA,317,0.35331230283911674,5.094936708860759,1.6876971608832807,0.4227129337539432,4.435331230283912,0.0,4.899053627760252,0.14746416758544653,0.03693495038588754,0.3875413450937156,0.0,0.4280595369349504,,,
CYS,10,0.1,101.3,115.4,0.0,0.0,0.0,0.3,0.9974070872947277,0.0,0.0,0.0,0.0025929127052722557,,,
DAB,1107,0.4706413730803975,5.554347826086956,1.3116531165311653,0.3974706413730804,1.7145438121047878,0.0,1.2240289069557362,0.28221574344023326,0.08551992225461613,0.3689018464528669,0.0,0.2633624878522838,,,
DAL,15951,0.44373393517647797,6.831732278520751,1.7555639144881199,0.22920193091342236,0.8493511378596953,0.013102626794558335,3.0443859319164943,0.29797716462538704,0.03890313587367122,0.14416293348372475,0.0022239484129095415,0.5167328176043074,4.0,-0.8392108671541674,2.1840260089715953
DAY,5184,0.44849537037037035,5.933513722458446,1.3883101851851851,0.1566358024691358,1.7451774691358024,0.0,1.8167438271604939,0.2718516280123895,0.030671602326811213,0.3417315101609126,0.0,0.35574525949988667,1.0,0.017498175428951736,-1.8133398802142857
DBQ,182,0.3241758241758242,6.78021978021978,0.8956043956043956,0.510989010989011,4.862637362637362,0.0,5.604395604395604,0.07542804257288292,0.043035631652012955,0.4095326237852846,0.0,0.4720037019898195,,,
DCA,28212,0.4048277328796257,4.55878383178234,1.2831419254218064,0.3971359705090033,2.03842336594357,0.0076563164610803916,2.425209130866298,0.2085878258464517,0.06455850830894047,0.3313665383640261,0.0012446124415147395,0.394242515039067,1.0,0.4468870740155322,-1.0767606039800626
DEN,60151,0.4568336353510332,7.606777344401107,2.327276354507822,0.30421771874116804,1.7016009708899271,0.0066499310069658025,3.189672657146182,0.30909114996180187,0.04040388428401729,0.22599370283195924,0.0008831932736000283,0.42362806964862154,4.0,1.3767803304055775,0.9769407957061365
DET,257,0.4980544747081712,4.8515625,0.0,0.0,0.0,0.0,0.0,0.0,0.0,0.0,0.0,0.0,,,
DFW,87039,0.47883132848493204,8.168539584580666,2.2824825652868252,0.607371408219304,1.526717908064201,0.0034352416732729004,2.2219349946575675,0.34364686183204524,0.09144485113508202,0.22986016453673017,0.0005172043977941838,0.3345309180983484,5.0,3.6273902320875875,-0.6773125964877711
DHN,228,0.40789473684210525,8.342105263157896,3.7017543859649122,0.40350877192982454,4.1798245614035086,0.0,5.258771929824562,0.27331606217616583,0.029792746113989636,0.3086139896373057,0.0,0.38827720207253885,,,
DIK,31,0.3870967741935484,6.612903225806452,0.45161290322580644,0.0,8.67741935483871,0.0,4.645161290322581,0.03278688524590164,0.0,0.629976580796253,0.0,0.3372365339578454,,,
DLG,50,0.48,12.408163265306122,0.0,0.0,0.7,0.0,0.0,0.0,0.0,1.0,0.0,0.0,,,
DLH,619,0.3570274636510501,4.416801292407108,2.5977382875605817,0.5234248788368336,1.7463651050080775,0.022617124394184167,1.7382875605815833,0.39190835973677796,0.07896660979770899,0.2634657567633439,0.003412137460394833,0.2622471362417743,,,
DRO,480,0.38125,5.250521920668058,3.1729166666666666,1.4645833333333333,1.5333333333333334,0.0,3.497916666666667,0.328162034044387,0.15147597500538676,0.158586511527688,0.0,0.36177547942253824,,,
DRT,10,0.3,-9.8,0.0,0.0,0.0,0.0,0.0,0.0,0.0,0.0,0.0,0.0,,,
DSM,3613,0.3910877387212843,5.614872364039956,2.3501245502352615,0.4088015499584833,2.1837807915859395,0.0013838915029061722,2.6368668696374202,0.3100036509675064,0.05392479006936838,0.28806133625410735,0.00018254837531945966,0.34782767433369843,,,
DTW,45226,0.45350019900057487,7.045751778866403,2.404457612877548,0.4665015698934241,1.938110821209039,0.005527793746959713,1.4701499137664176,0.3825861789933646,0.07422757305600315,0.3083832335329341,0.0008795569847379272,0.23392345743296017,5.0,3.245144122061824,-1.6102091489373638
DUT,66,0.7424242424242424,14.507692307692308,0.48484848484848486,0.0,0.0,0.0,0.4090909090909091,0.5423728813559322,0.0,0.0,0.0,0.4576271186440678,,,
DVL,24,0.3333333333333333,46.708333333333336,44.791666666666664,0.0,1.4583333333333333,0.0,10.833333333333334,0.7846715328467153,0.0,0.025547445255474453,0.0,0.1897810218978102,,,
EAR,9,0.0,-12.444444444444445,0.0,0.0,0.0,0.0,0.0,0.0,0.0,0.0,0.0,0.0,,,
EAU,101,0.31683168316831684,1.9504950495049505,3.485148514851485,0.0,2.4158415841584158,0.0,4.128712871287129,0.3474827245804541,0.0,0.24086870681145114,0.0,0.4116485686080948,,,
ECP,536,0.2966417910447761,4.121495327102804,1.6361940298507462,0.5578358208955224,2.2667910447761193,0.0,6.365671641791045,0.15112872652076512,0.051525073237980355,0.20937446148543856,0.0,0.587971738755816,,,
EFD,44,0.45454545454545453,5.659090909090909,0.0,3.5454545454545454,0.6136363636363636,0.0,0.0,0.0,0.8524590163934426,0.14754098360655737,0.0,0.0,,,
EGE,484,0.4214876033057851,15.731808731808732,5.737603305785124,0.7768595041322314,2.665289256198347,0.012396694214876033,7.483471074380165,0.34407136662123655,0.0465865444182877,0.15983149547763598,0.0007434023045471441,0.44876719117829267,,,
EKO,246,0.2886178861788618,-1.024390243902439,1.7113821138211383,0.3617886178861789,0.8983739837398373,0.0,2.2357723577235773,0.3286494925839188,0.06947697111631537,0.1725214676034348,0.0,0.42935206869633097,,,
ELM,393,0.44529262086513993,5.135204081632653,2.035623409669211,0.24427480916030533,1.7735368956743003,0.02544529262086514,1.786259541984733,0.3470715835140998,0.041648590021691974,0.3023861171366594,0.004338394793926247,0.30455531453362256,,,
ELP,7212,0.41486411536328344,4.783569641367807,1.2366888519134775,0.13616195230171935,0.7579034941763727,0.0,2.066833056017748,0.29461896739669013,0.03243814620288706,0.18055693191953226,0.0,0.49238595448089056,6.0,-2.341901512364149,-1.1145925860620236
ERI,380,0.44473684210526315,2.757255936675462,0.36578947368421055,0.15,1.0394736842105263,0.0,1.855263157894737,0.10725308641975309,0.04398148148148148,0.30478395061728397,0.0,0.5439814814814815,,,
ESC,47,0.19148936170212766,-2.106382978723404,1.2553191489361701,2.6595744680851063,1.5319148936170213,0.0,3.0638297872340425,0.1475,0.3125,0.18,0.0,0.36,,,
EUG,1271,0.3831628638867034,6.7937007874015745,2.162077104642014,0.21400472069236823,2.5633359559402047,0.0,2.8253343823760817,0.27844766440368834,0.027561049751747897,0.3301246326882156,0.0,0.36386665315634814,,,
EVV,942,0.386411889596603,5.218550106609808,2.5286624203821657,0.8131634819532909,3.1082802547770703,0.0,3.554140127388535,0.2527589134125637,0.08128183361629882,0.31069609507640067,0.0,0.35526315789473684,,,
EWN,144,0.3472222222222222,10.72027972027972,8.479166666666666,0.2986111111111111,1.4930555555555556,0.0,8.625,0.4487320837927233,0.015803013597941933,0.07901506798970967,0.0,0.4564498346196251,,,
EWR,40510,0.4682547519131079,9.575162751553256,2.276376203406566,0.3874352011848926,2.714416193532461,0.019550728215255494,3.853961984695137,0.24604843271396096,0.04187700780174392,0.2933951994194051,0.00211319465938077,0.4165661654055092,0.0,3.1229474350870596,3.0009736014941817
EYW,490,0.3306122448979592,2.489795918367347,3.230612244897959,0.5061224489795918,1.5877551020408163,0.0,2.0040816326530613,0.44082428292954606,0.06906154274575327,0.21665274296853243,0.0,0.2734614313561682,,,
FAI,1495,0.44214046822742475,4.508032128514056,1.4729096989966555,0.21739130434782608,0.41204013377926424,0.08428093645484949,2.357190635451505,0.3241572206683351,0.04784336817311939,0.09068158398351243,0.018548505814809362,0.5187693213602238,,,
FAR,1274,0.36106750392464676,4.898664571877455,2.586342229199372,0.3602825745682888,3.043956043956044,0.019623233908948195,2.7621664050235477,0.2948282032927702,0.041070150322118824,0.3469935576234789,0.0022369362920544025,0.31487115246957764,,,
FAT,2690,0.379182156133829,5.092806559821096,3.392565055762082,0.1479553903345725,2.1033457249070633,0.0,2.4981412639405205,0.4166742763217971,0.01817185645146562,0.2583325723678203,0.0,0.306821294858917,,,
FAY,814,0.4226044226044226,5.932349323493235,1.285012285012285,0.757985257985258,2.539312039312039,0.0,2.614250614250614,0.1785592352338682,0.10532604984636394,0.3528508023216115,0.0,0.3632639125981564,,,
FCA,617,0.34035656401944897,-0.6166394779771615,1.2625607779578607,0.18962722852512157,1.0518638573743921,0.0,1.6758508914100487,0.3020550601008143,0.045366421093447074,0.25164792555253973,0.0,0.4009305932531989,,,
FLG,348,0.3275862068965517,-2.057471264367816,0.47988505747126436,0.04310344827586207,0.5775862068965517,0.0,0.5718390804597702,0.2869415807560137,0.02577319587628866,0.34536082474226804,0.0,0.34192439862542956,,,
FLL,18934,0.43493186859617616,7.0110775427995975,1.9736452941797824,0.27104679412696736,2.8101299250026406,0.028784197739516213,3.0679201436569135,0.24211972191446213,0.03325104800409483,0.3447366545506379,0.0035311420814948717,0.3763614334493103,0.0,1.618742252481795,2.8641515623073217
FLO,74,0.4189189189189189,10.95945945945946,3.918918918918919,0.6081081081081081,10.391891891891891,0.0,0.3918918918918919,0.2559576345984113,0.03971756398940865,0.678729037952339,0.0,0.02559576345984113,,,
FNT,1112,0.37949640287769787,4.130984643179765,2.545863309352518,0.6348920863309353,3.0755395683453237,0.0,3.629496402877698,0.25752751751114344,0.06422268716455927,0.31110706813426725,0.0,0.36714272719003,,,
FOE,3,0.0,-14.333333333333334,0.0,0.0,0.0,0.0,0.0,0.0,0.0,0.0,0.0,0.0,,,
FSD,1699,0.3761035903472631,4.041813898704358,1.8210712183637434,0.5897586815773985,1.3931724543849324,0.01353737492642731,2.5826957033549145,0.28453191098032005,0.09214640426705904,0.21767518852308257,0.0021151370240941694,0.4035313592054442,,,
FSM,412,0.33980582524271846,6.179611650485437,3.9053398058252426,0.941747572815534,2.121359223300971,0.0,4.502427184466019,0.34045704612780364,0.08209902666102412,0.184934405416843,0.0,0.39250952179432924,,,
FWA,1442,0.3779472954230236,5.954798331015299,2.070735090152566,1.0041608876560333,2.8335644937586686,0.14424410540915394,3.3176144244105408,0.2209887507400829,0.10716400236826525,0.30239786856127887,0.015393724097098875,0.3540556542332741,,,
GCC,169,0.4319526627218935,5.93491124260355,2.094674556213018,1.0828402366863905,2.331360946745562,0.0,6.384615384615385,0.1761194029850746,0.09104477611940298,0.19601990049751244,0.0,0.53681592039801,,,
GCK,62,0.3064516129032258,1.7258064516129032,5.548387096774194,1.564516129032258,1.032258064516129,0.0,2.9838709677419355,0.4985507246376812,0.14057971014492754,0.0927536231884058,0.0,0.26811594202898553,,,
GCN,57,0.5614035087719298,4.807017543859649,0.0,0.0,0.0,0.0,0.0,0.0,0.0,0.0,0.0,0.0,,,
GEG,3905,0.38873239436619716,2.6616174582798457,0.7541613316261203,0.027400768245838668,0.8473751600512164,0.017157490396927016,1.4481434058898848,0.24373086154100804,0.008855416701150377,0.27385583050566914,0.005544980551187619,0.46801291070098483,,,
GFK,423,0.2907801418439716,0.1066350710900474,1.0851063829787233,0.8014184397163121,1.1252955082742317,0.0,1.260047281323877,0.2540121748754842,0.1876037631433315,0.2634200332042059,0.0,0.2949640287769784,,,
GGG,195,0.3282051282051282,2.051546391752577,2.066666666666667,0.1794871794871795,2.051282051282051,0.0,3.317948717948718,0.2713804713804714,0.02356902356902357,0.26936026936026936,0.0,0.4356902356902357,,,
GJT,832,0.33653846153846156,1.2418772563176896,2.3930288461538463,0.6538461538461539,0.8557692307692307,0.0,1.8786057692307692,0.4139293139293139,0.1130977130977131,0.14802494802494803,0.0,0.32494802494802494,,,
GNV,703,0.41536273115220484,8.004267425320057,2.4054054054054053,1.1408250355618776,3.5291607396870557,0.0,3.880512091038407,0.21955336276291873,0.10412879771487925,0.3221241236042586,0.0,0.3541937159179434,,,
GPT,1014,0.3895463510848126,5.843564356435643,1.7416173570019724,0.7938856015779092,2.8944773175542404,0.005917159763313609,4.4733727810650885,0.1757563694267516,0.08011544585987261,0.29209792993630573,0.0005971337579617834,0.45143312101910826,,,
GRB,1416,0.3622881355932203,4.47773851590106,1.3580508474576272,0.16596045197740114,3.062146892655367,0.0,3.472457627118644,0.16852160196301813,0.020594163526421874,0.3799842257470861,0.0,0.43090000876347384,,,
GRI,68,0.3235294117647059,3.9402985074626864,2.25,4.367647058823529,3.7205882352941178,0.0,2.7058823529411766,0.17249154453213078,0.33483652762119503,0.2852311161217587,0.0,0.20744081172491544,,,
GRK,556,0.3327338129496403,6.574774774774775,3.5431654676258995,1.4316546762589928,3.4154676258992804,0.0,4.68705035971223,0.2709393480951726,0.10947600055013065,0.26117452895062576,0.0,0.35841012240407094,,,
GRR,3915,0.39284802043422734,4.138981315587407,1.6102171136653896,0.19923371647509577,2.390038314176245,0.0002554278416347382,2.397190293742018,0.24408564680373251,0.03020095249157858,0.36229527238936,3.871916986099818e-05,0.3633794091454679,,,
GSO,4846,0.45810978126289725,6.756117793446703,1.163227404044573,0.3968221213371853,1.4626496079240612,0.0,1.94098225340487,0.23434771763532053,0.07994512347218757,0.29467032510185415,0.0,0.39103683379063775,,,
GSP,3106,0.4150032195750161,4.369186046511628,1.45460399227302,0.04475209272376046,2.339343206696716,0.0,2.63650998068255,0.22464200477326968,0.006911296738265712,0.3612768496420048,0.0,0.40716984884645985,,,
GST,28,0.6428571428571429,17.0,0.17857142857142858,0.0,1.0,0.0,11.571428571428571,0.014005602240896359,0.0,0.0784313725490196,0.0,0.907563025210084,,,
GTF,849,0.31566548881036516,0.31560283687943264,1.4075382803297998,0.5347467608951708,0.375736160188457,0.0,1.2037691401648998,0.3996655518394649,0.15183946488294314,0.10668896321070234,0.0,0.34180602006688965,,,
GTR,183,0.3442622950819672,1.9398907103825136,2.8852459016393444,0.31693989071038253,2.7650273224043715,0.0,1.6010928961748634,0.38122743682310467,0.04187725631768953,0.36534296028880864,0.0,0.21155234657039712,,,
GUC,136,0.4485294117647059,14.492647058823529,8.463235294117647,2.2205882352941178,1.9705882352941178,0.0,5.352941176470588,0.4699877501020825,0.12331563903634137,0.10943242139648836,0.0,0.2972641894650878,,,
GUM,191,0.3717277486910995,2.263157894736842,0.5759162303664922,1.1675392670157068,0.04712041884816754,0.0,0.0,0.3216374269005848,0.652046783625731,0.02631578947368421,0.0,0.0,,,
HDN,329,0.3708206686930091,3.4478527607361964,0.7173252279635258,0.2735562310030395,2.1185410334346506,0.0,5.468085106382978,0.08362863217576187,0.031892274982282066,0.2469879518072289,0.0,0.6374911410347271,,,
HGR,3,0.3333333333333333,0.0,0.0,0.0,0.0,0.0,0.0,0.0,0.0,0.0,0.0,0.0,,,
HHH,52,0.4423076923076923,3.8461538461538463,5.230769230769231,0.0,2.2115384615384617,0.0,1.2307692307692308,0.6031042128603105,0.0,0.2549889135254989,0.0,0.1419068736141907,,,
HIB,56,0.17857142857142858,-9.107142857142858,0.625,0.16071428571428573,1.0357142857142858,0.0,1.8571428571428572,0.16990291262135923,0.043689320388349516,0.2815533980582524,0.0,0.5048543689320388,,,
HKY,12,0.16666666666666666,-9.166666666666666,0.0,0.0,0.0,0.0,0.0,0.0,0.0,0.0,0.0,0.0,,,
HLN,469,0.326226012793177,-1.1853448275862069,0.6119402985074627,0.16204690831556504,0.7270788912579957,0.0,1.2579957356076759,0.22179289026275115,0.05873261205564142,0.2635239567233385,0.0,0.4559505409582689,,,
HNL,11352,0.3664552501761804,1.4330833700926335,2.098749119097956,0.03550035236081748,0.44970049330514444,0.003083157152924595,1.302413671599718,0.5396009331189273,0.009127352614771364,0.11562068262632211,0.0007926981179081829,0.334858333522071,3.0,-3.468730782897726,-1.8809344547087774
HOB,65,0.26153846153846155,2.123076923076923,2.5538461538461537,3.230769230769231,1.9230769230769231,0.0,4.369230769230769,0.21146496815286625,0.267515923566879,0.1592356687898089,0.0,0.36178343949044584,,,
HOU,18643,0.4383414686477498,6.592483062694914,1.7811511022904039,0.22630477927372203,0.784315828997479,0.009708737864077669,2.6519873410931716,0.3266088975007131,0.04149740825620395,0.14381965004081873,0.0017802870098063324,0.4862937571924579,4.0,-0.8488264493379225,1.2877547006375507
HPN,2238,0.4110813226094727,8.432735426008968,3.1067917783735477,0.4383378016085791,3.419124218051832,0.034405719392314564,4.693923145665773,0.2657062060531947,0.037488535616019565,0.29241822072760626,0.002942525221644757,0.4014445123815347,,,
HRL,1588,0.37468513853904284,2.809102402022756,0.41120906801007556,0.09445843828715365,0.49622166246851385,0.0,2.0743073047858944,0.13367451381780962,0.030706243602865915,0.16131013306038894,0.0,0.6743091095189355,,,
HSV,2564,0.40678627145085805,4.521484375,1.4321372854914196,0.5347113884555382,1.8545241809672386,0.0015600624024961,2.7254290171606863,0.21870160810005956,0.08165574746873139,0.2832042882668255,0.00023823704586063132,0.41620011911852295,,,
HTS,175,0.5142857142857142,4.091428571428572,1.76,0.04,1.4457142857142857,0.0,0.24571428571428572,0.5040916530278232,0.011456628477905073,0.41407528641571195,0.0,0.07037643207855974,,,
HVN,90,0.5,12.766666666666667,3.2888888888888888,1.988888888888889,2.7333333333333334,0.0,2.3777777777777778,0.3165775401069519,0.19144385026737967,0.2631016042780749,0.0,0.2288770053475936,,,
HYA,3,0.3333333333333333,67.33333333333333,0.0,0.0,74.66666666666667,0.0,0.0,0.0,0.0,1.0,0.0,0.0,,,
HYS,62,0.25806451612903225,-0.25806451612903225,0.0,0.0,0.7096774193548387,0.0,10.32258064516129,0.0,0.0,0.06432748538011696,0.0,0.935672514619883,,,
IAD,20400,0.4208823529411765,7.098334070470293,2.8612254901960785,0.48274509803921567,2.3713235294117645,0.015931372549019607,3.077450980392157,0.3248190008736929,0.054803363439567716,0.26920315865039485,0.0018086000322765545,0.34936587700406796,0.0,2.835850808588578,1.2173914696653276
IAG,25,0.36,17.16,16.48,1.64,3.36,0.0,7.0,0.5786516853932584,0.05758426966292135,0.11797752808988764,0.0,0.24578651685393257,,,
IAH,48748,0.43614096988594403,6.045426503249157,2.281139739066218,0.5079593008943957,2.083018790514483,0.015405760236317387,2.1729301714942153,0.32308684624167955,0.07194428545279691,0.2950261924615684,0.00218197877292022,0.30776069707103487,5.0,2.5838304019203617,0.14822939614856642
ICT,3293,0.4023686607956271,4.942196531791907,2.073792894017613,0.30914060127543275,1.8651685393258426,0.0,2.5733373823261463,0.3040110403775097,0.04531896897119708,0.273427413969639,0.0,0.3772425766816543,,,
IDA,676,0.34467455621301774,0.6331360946745562,1.3180473372781065,0.41420118343195267,0.9349112426035503,0.0,1.3905325443786982,0.32482683193583667,0.1020780167699599,0.23040466642362378,0.0,0.3426904848705797,,,
IFP,6,0.5,-0.6666666666666666,0.0,0.0,0.0,0.0,0.0,0.0,0.0,0.0,0.0,0.0,,,
ILE,130,0.3076923076923077,1.3307692307692307,0.4230769230769231,0.0,0.26153846153846155,0.0,2.276923076923077,0.14285714285714285,0.0,0.08831168831168831,0.0,0.7688311688311689,,,
ILG,17,0.4117647058823529,-2.3529411764705883,1.1764705882352942,0.0,0.23529411764705882,0.0,0.8823529411764706,0.5128205128205128,0.0,0.10256410256410256,0.0,0.38461538461538464,,,
ILM,979,0.3881511746680286,5.760245901639344,2.5127681307456586,0.3176710929519918,2.6598569969356487,0.0,2.6251276813074567,0.3096286972938955,0.039144115796098174,0.3277533039647577,0.0,0.3234738829452486,,,
IMT,52,0.21153846153846154,-3.980392156862745,0.6730769230769231,0.8076923076923077,0.0,0.0,6.134615384615385,0.08838383838383838,0.10606060606060606,0.0,0.0,0.8055555555555556,,,
IND,12124,0.41999340151765097,4.94254298941799,1.328027053777631,0.16916859122401848,1.7083470801715606,0.0018970636753546685,2.1074727812603102,0.24986809025730158,0.03182904497346287,0.32142524597287314,0.0003569322449486328,0.39652068655141376,1.0,-0.7437661083649572,-1.5110210778209794
INL,42,0.21428571428571427,19.4390243902439,9.0,0.0,20.738095238095237,0.0,1.6904761904761905,0.2863636363636364,0.0,0.6598484848484848,0.0,0.05378787878787879,,,
IPL,71,0.36619718309859156,-0.2112676056338028,1.2253521126760563,1.4647887323943662,0.04225352112676056,0.0,1.3661971830985915,0.29896907216494845,0.35738831615120276,0.010309278350515464,0.0,0.3333333333333333,,,
ISN,130,0.25384615384615383,4.4186046511627906,4.7846153846153845,4.030769230769231,4.653846153846154,0.0,2.269230769230769,0.3040078201368524,0.2561094819159335,0.2956989247311828,0.0,0.1441837732160313,,,
ISO,69,0.43478260869565216,2.764705882352941,3.0869565217391304,0.36231884057971014,0.6376811594202898,0.0,0.0,0.7553191489361702,0.08865248226950355,0.15602836879432624,0.0,0.0,,,
ISP,2307,0.3693107932379714,2.8123370981754996,1.2921543129605548,0.31729518855656696,1.1742522756827047,0.011270047680970958,2.439531859557867,0.2468532626697582,0.0606160980457105,0.22432924809539584,0.0021530308049022857,0.4660483603842332,,,
ITH,256,0.484375,5.0078125,0.203125,0.1484375,0.40625,0.0,3.2109375,0.051181102362204724,0.03740157480314961,0.10236220472440945,0.0,0.8090551181102362,,,
ITO,1138,0.31985940246045697,-0.10993843447669305,0.8840070298769771,0.0210896309314587,0.36291739894551844,0.0,1.6458699472759226,0.3033775633293124,0.007237635705669481,0.12454764776839566,0.0,0.5648371531966224,,,
IYK,105,0.1619047619047619,-6.704761904761905,0.13333333333333333,0.0,0.3904761904761905,0.0,0.49523809523809526,0.1308411214953271,0.0,0.38317757009345793,0.0,0.48598130841121495,,,
JAC,886,0.417607223476298,7.094425483503982,3.6015801354401806,0.4187358916478555,2.475169300225734,0.0,3.028216704288939,0.37817018250770323,0.0439677648731927,0.25989570988385874,0.0,0.3179663427352453,,,
JAN,2867,0.4248343215905127,6.35944055944056,1.3163585629577956,0.5043599581444018,1.7324729682595048,0.006278339727938612,2.9797697942099757,0.2013014721570301,0.07712822701088116,0.2649349263921485,0.0009601024109238319,0.4556752720290164,,,
JAX,8111,0.41832079891505364,5.614280410840243,1.4254715818024903,0.31993588953273333,2.1163851559610407,0.007027493527308594,2.265811860436444,0.23236464488122513,0.05215241770167611,0.3449897503918968,0.0011455444350657181,0.36934764259013625,1.0,0.690649869229173,-0.9749359661891528
JFK,25631,0.4332644063828957,7.426838336007513,3.7349303577698882,0.9137762865280324,3.6695798057040303,0.027622800515001364,3.180523584721626,0.3240317634395499,0.07927658969516034,0.31836213841331734,0.002396474339446374,0.27593303411252595,0.0,6.559089050482349,2.095191375714259
JLN,66,0.48484848484848486,23.153846153846153,12.590909090909092,0.5151515151515151,2.484848484848485,0.0,11.348484848484848,0.46737907761529807,0.019122609673790775,0.0922384701912261,0.0,0.421259842519685,,,
JMS,56,0.23214285714285715,2.2181818181818183,6.660714285714286,1.3214285714285714,0.23214285714285715,0.0,9.464285714285714,0.37676767676767675,0.07474747474747474,0.013131313131313131,0.0,0.5353535353535354,,,
JNU,1329,0.47027840481565086,6.972727272727273,1.6373212942061701,0.1474793077501881,0.6651617757712566,0.0,2.4981188863807375,0.3309002433090024,0.029805352798053526,0.13442822384428224,0.0,0.5048661800486618,,,
KOA,2255,0.3046563192904656,0.7697426796805679,1.765410199556541,0.021729490022172948,0.7494456762749445,0.0,2.764079822616408,0.33305446331464905,0.004099389274659081,0.14138709947293565,0.0,0.5214590479377562,,,
KSM,7,0.5714285714285714,21.285714285714285,0.0,0.0,0.0,0.0,0.0,0.0,0.0,0.0,0.0,0.0,,,
KTN,769,0.4317295188556567,4.383507853403142,0.7867360208062418,0.045513654096228866,0.3953185955786736,0.0,2.8595578673602082,0.1924912503977092,0.011135857461024499,0.0967228762328985,0.0,0.6996500159083678,,,
LAN,939,0.3652822151224707,3.6926360725720384,0.9744408945686901,0.4472843450479233,2.22790202342918,0.0,2.36741214057508,0.16194690265486725,0.0743362831858407,0.37026548672566373,0.0,0.3934513274336283,,,
LAR,41,0.21951219512195122,-3.4390243902439024,4.658536585365853,0.0,1.5365853658536586,0.0,3.951219512195122,0.45913461538461536,0.0,0.15144230769230768,0.0,0.3894230769230769,,,
LAS,44363,0.4518855803259473,6.001129024974032,1.8323828415571535,0.1272456777043933,1.2835020174469716,0.012758379730856795,2.9665937831075446,0.29447777198168434,0.02044934214339535,0.20626847504781778,0.0020503680519329973,0.47675404277516953,4.0,-0.9259504752861386,1.8454806561574817
LAW,287,0.2926829268292683,-2.1846689895470384,1.1951219512195121,0.34146341463414637,1.2125435540069687,0.0,1.6620209059233448,0.27093206951026855,0.07740916271721959,0.27488151658767773,0.0,0.3767772511848341,,,
LAX,65745,0.44538748193778993,5.190752678340115,1.9215909955129669,0.07424138717773214,1.2416609628108601,0.020670773442847366,2.2183740208380867,0.35087694935495967,0.013556262237713683,0.22672369499104303,0.003774423351987891,0.40506867006429575,2.0,-1.2519091082162481,2.260364875819596
LBB,2512,0.3765923566878981,3.7512974051896206,0.7253184713375797,0.2519904458598726,0.6261942675159236,0.0,2.3455414012738856,0.18366935483870966,0.06381048387096774,0.15856854838709677,0.0,0.5939516129032258,,,
LBE,56,0.26785714285714285,2.375,4.946428571428571,0.0,1.0357142857142858,0.0,6.642857142857143,0.3917963224893918,0.0,0.08203677510608204,0.0,0.5261669024045261,,,
LBF,13,0.38461538461538464,-4.846153846153846,0.0,0.0,2.4615384615384617,0.0,0.9230769230769231,0.0,0.0,0.7272727272727273,0.0,0.2727272727272727,,,
LBL,14,0.2857142857142857,8.23076923076923,3.0,0.0,1.3571428571428572,0.0,11.5,0.1891891891891892,0.0,0.08558558558558559,0.0,0.7252252252252253,,,
LCH,268,0.27238805970149255,0.9701492537313433,1.7462686567164178,0.8843283582089553,2.720149253731343,0.0,4.223880597014926,0.18238503507404522,0.09236165237724084,0.28409976617303195,0.0,0.441153546375682,,,
LCK,18,0.4444444444444444,22.38888888888889,1.2777777777777777,5.555555555555555,4.222222222222222,0.0,19.0,0.04251386321626617,0.18484288354898337,0.14048059149722736,0.0,0.6321626617375231,,,
LEX,2144,0.416044776119403,7.043945769050959,2.2901119402985075,1.1338619402985075,3.172574626865672,0.0,2.624533582089552,0.24835609509357612,0.12296408700050582,0.34405665149215986,0.0,0.28462316641375823,,,
LFT,919,0.36126224156692055,7.2319474835886215,3.797606093579978,0.5919477693144722,3.057671381936888,0.00544069640914037,4.794341675734494,0.31008440693025324,0.04833407374500222,0.24966681474900043,0.000444247001332741,0.39147045757441135,,,
LGA,35590,0.43096375386344477,6.227295774647887,1.8718741219443664,0.4257375667322282,2.4162124192188816,0.0028097780275358245,3.4366676032593424,0.22958480370533746,0.05221658579620644,0.29634773378914864,0.0003446184384649316,0.42150625827084254,1.0,1.6506718143619452,-0.24562445279118492
LGB,3130,0.35559105431309906,2.6939558682443234,1.7041533546325878,0.06261980830670927,1.555591054313099,0.034185303514377,3.0003194888178912,0.2680806151681158,0.009850731266020003,0.24471025782781325,0.005377695129919083,0.47198070060813185,,,
LIH,2138,0.30729653882132835,0.5135767790262172,1.9041159962581853,0.05612722170252572,0.6637043966323667,0.0037418147801683817,2.4186155285313378,0.37732876077486327,0.011122439521735101,0.13152284734451755,0.0007414959681156733,0.4792844563907684,,,
LIT,4944,0.43406148867313915,5.641627859890666,1.0408576051779934,0.45024271844660196,1.6644417475728155,0.02568770226537217,2.930622977346278,0.17030148591852268,0.07366714101333686,0.2723301452824569,0.00420293212430089,0.4794982956613827,,,
LMT,56,0.25,-2.5454545454545454,0.0,0.19642857142857142,6.375,0.0,0.875,0.0,0.026378896882494004,0.8561151079136691,0.0,0.11750599520383694,,,
LNK,950,0.3968421052631579,6.015806111696523,1.3094736842105263,1.523157894736842,2.3989473684210525,0.0,1.433684210526316,0.19646241313960833,0.22852179406190776,0.3599178774478838,0.0,0.21509791535060013,,,
LNY,2,0.5,-0.5,0.0,0.0,0.0,0.0,0.0,0.0,0.0,0.0,0.0,0.0,,,
LRD,472,0.3622881355932203,6.808917197452229,3.4088983050847457,0.951271186440678,2.5508474576271185,0.012711864406779662,4.59957627118644,0.29582643868358155,0.08255193969479684,0.22136422136422138,0.0011031439602868175,0.39915425629711343,,,
LSE,445,0.36629213483146067,2.9527027027027026,1.9101123595505618,0.13707865168539327,1.9325842696629214,0.0,2.8179775280898878,0.2809917355371901,0.020165289256198347,0.28429752066115704,0.0,0.41454545454545455,,,
LWB,52,0.40384615384615385,17.423076923076923,2.6153846153846154,0.8653846153846154,2.230769230769231,0.28846153846153844,15.98076923076923,0.1189851268591426,0.03937007874015748,0.10148731408573929,0.013123359580052493,0.7270341207349081,,,
LWS,113,0.18584070796460178,-5.548672566371682,1.5132743362831858,1.1592920353982301,0.2831858407079646,0.0,2.9557522123893807,0.2559880239520958,0.19610778443113772,0.04790419161676647,0.0,0.5,,,
LYH,140,0.4357142857142857,3.9785714285714286,1.4428571428571428,0.0,2.742857142857143,0.0,1.4357142857142857,0.25667090216010163,0.0,0.48792884371029227,0.0,0.2554002541296061,,,
MAF,2538,0.3455476753349094,4.309155766944114,1.0177304964539007,0.1095350669818755,0.7821118991331757,0.001970055161544523,3.557919621749409,0.18608169440242056,0.02002737554931201,0.14300122469562712,0.0003602045962106477,0.6505295007564297,,,
MBS,1018,0.3388998035363458,4.375,1.2799607072691552,0.2288801571709234,1.7721021611001964,0.0,2.2033398821218073,0.23338706788464983,0.041733834855812287,0.323123768583199,0.0,0.4017553286763389,,,
MCI,17275,0.41065123010130244,4.997679275934091,1.5210998552821997,0.1683357452966715,1.3258465991316932,0.005499276410998553,2.197742402315485,0.29148086522462563,0.0322573488630061,0.2540654464780921,0.0010537992235163617,0.42114254021075986,6.0,-1.200263444419952,-0.6158050234522167
MCN,62,0.4838709677419355,16.306451612903224,12.983870967741936,2.6129032258064515,5.032258064516129,0.0,0.0,0.6293979671618452,0.1266614542611415,0.2439405785770133,0.0,0.0,,,
MCO,34145,0.4236930736564651,5.794581266328118,1.6322155513252306,0.3996485576219066,1.9798506369893103,0.013120515448821203,2.731966612974081,0.24156628856014667,0.059147591575607575,0.29301593768827666,0.0019418233200844347,0.40432835885588464,1.0,0.9760564145048573,0.4409117532943615
MDT,2261,0.3967271118973905,4.160619469026549,1.5055285272003538,0.40645731977001326,1.7187085360459973,0.0,1.9186200796107917,0.27129991232964057,0.07324460030286124,0.3097154698334263,0.0,0.3457400175340719,,,
MDW,21607,0.4434211135280233,7.182518326064767,2.542833341046883,0.4510575276530754,1.6231776739019763,0.011107511454621188,3.780348960984866,0.30241134283339666,0.05364288348387026,0.1930395248867533,0.001320982150228695,0.4495852666457511,4.0,1.7886292599958817,1.8062652119184193
MEI,147,0.4013605442176871,6.333333333333333,0.9047619047619048,0.3401360544217687,2.891156462585034,0.0,7.7482993197278915,0.07613050944476245,0.028620492272467088,0.24327418431597023,0.0,0.6519748139668002,,,
MEM,16006,0.4368361864300887,5.262561082571106,1.7314756966137699,0.22429089091590654,1.3736098962888916,0.0,1.5083718605522929,0.3579094184649955,0.04636266191417096,0.28393578965040744,0.0,0.31179212997042605,3.0,0.2560205781124923,-2.2686426675258864
MFE,1134,0.3994708994708995,3.2718446601941746,0.7134038800705468,0.06349206349206349,0.564373897707231,0.0,2.9638447971781305,0.165710774272839,0.014748054076198279,0.13109381401065137,0.0,0.6884473576403114,,,
MFR,953,0.41028331584470096,9.290661070304303,2.571878279118573,0.291710388247639,3.89401888772298,0.02833158447009444,3.900314795383001,0.24067164179104478,0.027297721916732128,0.36439512961508247,0.0026512175962293792,0.36498428908091124,,,
MGM,984,0.47764227642276424,9.612244897959183,3.75,0.42784552845528456,3.0010162601626016,0.0,3.6351626016260163,0.3467719199323372,0.03956395075650785,0.2775115120759327,0.0,0.3361526172352223,,,
MHK,140,0.3357142857142857,5.330935251798561,1.8214285714285714,5.2214285714285715,3.5785714285714287,0.0,4.05,0.12414800389483933,0.3558909444985394,0.2439143135345667,0.0,0.27604673807205454,,,
MHT,3443,0.3764159163520186,3.5720104742508,1.383967470229451,0.34359570142317747,2.5033401103688644,0.03340110368864362,2.1574208539064768,0.215513342379014,0.0535052012663953,0.3898236092265943,0.005201266395296246,0.3359565807327001,,,
MIA,23448,0.45773626748549984,7.529890025247123,2.531729785056295,0.5037529853292392,1.9612333674513818,0.012367792562265438,1.938886045718185,0.3643840997814825,0.07250362149819539,0.2822743008667043,0.001780058435021729,0.2790579194185961,5.0,3.3603209907581393,-0.020850202369211653
MIB,1,0.0,-24.0,0.0,0.0,0.0,0.0,0.0,0.0,0.0,0.0,0.0,0.0,,,
MKE,8580,0.4054778554778555,5.34879644776817,2.079137529137529,0.38846153846153847,2.5068764568764568,0.0018648018648018648,3.0155011655011656,0.26015750328131837,0.04860726265130524,0.3136794516552428,0.0002333381945457197,0.37732244421758787,1.0,1.3797101385790536,-1.0754718375435222
MKG,74,0.3108108108108108,3.175675675675676,1.9324324324324325,4.391891891891892,1.6756756756756757,0.0,6.202702702702703,0.13606089438629876,0.30922930542340626,0.11798287345385347,0.0,0.4367269267364415,,,
MKK,4,0.0,-5.75,0.0,0.0,0.0,0.0,0.0,0.0,0.0,0.0,0.0,0.0,,,
MLB,795,0.4440251572327044,6.1186868686868685,1.3672955974842766,0.3421383647798742,1.7119496855345913,0.0,0.9069182389937107,0.3158965417029933,0.07904678872420808,0.3955245568148794,0.0,0.20953211275791922,,,
MLI,1368,0.3969298245614035,4.991202346041056,1.644736842105263,0.7171052631578947,2.0285087719298245,0.01827485380116959,3.4444444444444446,0.20943870427254957,0.09131527506283162,0.2583077352694778,0.0023270967141394397,0.4386111886810016,,,
MLU,817,0.44063647490820074,7.0,3.343941248470012,0.15177478580171358,1.7490820073439413,0.025703794369645042,2.193390452876377,0.44801574286651363,0.020334535913414234,0.23433912758281403,0.003443752049852411,0.2938668415874057,,,
MMH,22,0.45454545454545453,9.227272727272727,0.3181818181818182,0.0,13.818181818181818,0.0,2.772727272727273,0.01881720430107527,0.0,0.8172043010752689,0.0,0.1639784946236559,,,
MOB,1842,0.44353963083604775,6.877040261153428,1.47557003257329,0.5879478827361564,1.8089033659066232,0.0,2.941910966340934,0.21653919694072657,0.0862810707456979,0.2654557042702358,0.0,0.4317240280433397,,,
MOD,177,0.4689265536723164,6.813559322033898,0.7344632768361582,0.23163841807909605,4.395480225988701,0.0,4.5875706214689265,0.07382169222032936,0.02328222600795003,0.44179443498012494,0.0,0.4611016467915957,,,
MOT,509,0.35363457760314343,0.37524557956778,1.5697445972495088,0.630648330058939,0.9823182711198428,0.0,1.6483300589390963,0.32492883285888574,0.1305408702724685,0.203334688897926,0.0,0.3411956079707198,,,
MQT,152,0.3223684210526316,5.801324503311259,4.296052631578948,2.1184210526315788,2.7697368421052633,0.0,3.6907894736842106,0.33367399080224835,0.16453755748594787,0.21512519161982627,0.0,0.2866632600919775,,,
MRY,1215,0.36707818930041153,5.691358024691358,1.876543209876543,0.9012345679012346,2.2617283950617284,0.0,3.6090534979423867,0.2169775409212029,0.1042063189950514,0.2615150361629235,0.0,0.41730110392082226,,,
MSN,2787,0.36921420882669537,3.9050359712230214,2.251524937208468,0.2960172228202368,2.345174022246143,0.0,3.190168640114819,0.2785546233408798,0.03662271940338261,0.2901407200248591,0.0,0.3946819372308785,,,
MSO,941,0.37725823591923485,1.7430703624733475,0.9649309245483528,0.4569606801275239,1.0127523910733263,0.0,1.324123273113709,0.25671472999717276,0.12157195363302234,0.26943737630760534,0.0,0.3522759400621996,,,
MSP,42891,0.43246835000349726,5.379115226337449,2.039332260847264,0.3340794105989602,1.825511179501527,0.0019351379077195683,1.372572334522394,0.3659025308512863,0.05994143484626647,0.32753817193055845,0.0003472076971344907,0.24627065467475423,5.0,1.654775079036071,-2.5266443388411584
MSY,14561,0.41576814779204724,4.908396421197522,1.004463979122313,0.20575509923768973,1.5330677838060573,0.008859281642744316,2.3818419064624683,0.1956498475038793,0.040077050671518004,0.2986114826903526,0.001725613997538659,0.46393600513671146,6.0,-1.28352525754211,-0.126916903603779
MTH,2,0.0,-4.0,0.0,0.0,0.0,0.0,0.0,0.0,0.0,0.0,0.0,0.0,,,
MTJ,329,0.3069908814589666,0.10030395136778116,0.9422492401215805,0.3343465045592705,1.7325227963525835,0.00303951367781155,5.206686930091186,0.11464497041420119,0.040680473372781065,0.21079881656804733,0.0003698224852071006,0.6335059171597633,,,
MVY,16,0.5625,9.4375,0.5625,0.0,8.25,0.0,5.0625,0.04054054054054054,0.0,0.5945945945945946,0.0,0.36486486486486486,,,
MWH,7,0.14285714285714285,-17.0,0.0,0.0,4.285714285714286,0.0,0.0,0.0,0.0,1.0,0.0,0.0,,,
MYR,1541,0.390655418559377,4.061768530559168,2.053861129136924,0.27060350421804025,2.8475016223231666,0.0,2.4250486696950033,0.27035107200820024,0.03561971470060647,0.37481848466729306,0.0,0.3192107286239002,,,
OAJ,335,0.4388059701492537,6.756756756756757,1.853731343283582,1.2746268656716417,2.4925373134328357,0.0,3.629850746268657,0.20038722168441434,0.1377863827040981,0.26944175540496934,0.0,0.39238464020651825,,,
OAK,17496,0.4403292181069959,4.8428072585723285,1.251771833561957,0.07961819844535895,0.672267946959305,0.017661179698216737,2.186042524005487,0.297519426180514,0.01892354507417269,0.15978373091343803,0.004197685160028256,0.5195756126718469,2.0,-2.8932511966418653,2.5134469983357643
OGD,3,1.0,10.666666666666666,5.0,0.0,0.0,0.0,0.0,1.0,0.0,0.0,0.0,0.0,,,
OGG,4248,0.3500470809792844,1.68111163447951,1.9653954802259888,0.08451035781544255,0.6640772128060264,0.003295668549905838,2.3895951035781544,0.38485295473402786,0.016548354383700562,0.13003595464183645,0.0006453397252696598,0.4679173965151655,,,
OGS,13,0.46153846153846156,120.84615384615384,119.07692307692308,0.0,1.3076923076923077,0.0,10.76923076923077,0.9079178885630499,0.0,0.00997067448680352,0.0,0.08211143695014662,,,
OKC,7399,0.4087038789025544,5.52402219515496,1.281524530341938,0.31139343154480337,1.336531963778889,0.009055277740235167,2.7655088525476414,0.22467064733200645,0.05459198180267273,0.2343142830063501,0.0015875272486020283,0.4848355606103687,6.0,-0.7306070562749103,0.3050626653439311
OMA,6655,0.3873779113448535,3.6392700950082943,1.5263711495116454,0.19233658903080392,1.7065364387678437,0.00405709992486852,1.9831705484598046,0.28200999444752917,0.03553581343697946,0.31529705719044976,0.0007495835646862854,0.36640755136035535,1.0,-1.0366030730168279,-1.792576523930069
OME,315,0.473015873015873,7.548076923076923,1.3714285714285714,0.1492063492063492,0.37142857142857144,0.09523809523809523,2.450793650793651,0.3090128755364807,0.033619456366237484,0.08369098712446352,0.02145922746781116,0.5522174535050072,,,
ONT,10468,0.41631639281620175,3.7497606739421787,0.7713030187237294,0.06381352693924341,0.6369889186090943,0.01222774168895682,1.7309896828429499,0.2398835343751857,0.019846693208152594,0.198110404658625,0.003802959177610078,0.5383564085804267,2.0,-3.9151298717602447,1.139218937373053
ORD,100208,0.474453137474054,10.172159596707242,2.3810374421203897,0.5757823726648571,2.077768242056522,0.0036723614881047422,3.5305764010857414,0.2778717219500947,0.06719492794637263,0.24247961372640817,0.00042857176131347926,0.412025164615811,0.0,3.8657826997466174,0.9250778562375582
ORF,6166,0.4313979889717807,5.857979502196193,1.4601037950048654,0.25948751216347715,1.900583846902368,0.003405773597145637,2.3319818358741484,0.24516638527313328,0.04357061162246065,0.31912749850226024,0.000571864277544796,0.39156364032460106,1.0,0.32529605619088325,-1.0450683602714343
ORH,198,0.45454545454545453,5.944162436548224,1.6919191919191918,0.0,1.3080808080808082,0.03535353535353535,1.7525252525252526,0.35337552742616035,0.0,0.2732067510548523,0.007383966244725738,0.36603375527426163,,,
OTH,83,0.4939759036144578,25.48780487804878,0.6265060240963856,0.5301204819277109,13.301204819277109,0.0,14.144578313253012,0.02190395956192081,0.018534119629317607,0.4650379106992418,0.0,0.4945240101095198,,,
OTZ,324,0.43209876543209874,6.39375,0.8333333333333334,0.941358024691358,0.36728395061728397,0.16049382716049382,4.830246913580247,0.11683254002596279,0.13197749891821722,0.05149286023366508,0.02250108178277802,0.6771960190393769,,,
OWB,3,0.3333333333333333,-4.333333333333333,0.0,0.0,0.0,0.0,0.0,0.0,0.0,0.0,0.0,0.0,,,
OXR,119,0.2605042016806723,-0.5966386554621849,3.100840336134454,0.0,0.48739495798319327,0.0,0.680672268907563,0.7263779527559056,0.0,0.1141732283464567,0.0,0.1594488188976378,,,
PAE,16,0.375,2.1875,7.1875,0.0,6.6875,0.0,1.1875,0.47717842323651455,0.0,0.44398340248962653,0.0,0.07883817427385892,,,
PAH,80,0.4375,15.2125,3.25,0.0,4.4125,0.0,14.425,0.14714204867006225,0.0,0.19977362761743067,0.0,0.653084323712507,,,
PBG,33,0.3333333333333333,-3.727272727272727,3.606060606060606,0.0,0.9393939393939394,0.0,2.5757575757575757,0.5063829787234042,0.0,0.13191489361702127,0.0,0.3617021276595745,,,
PBI,8167,0.4465532019101261,6.896390866683035,1.302803967185013,0.09905718133953716,2.6629117178890658,0.026325456103832495,2.9668176809109834,0.18458762707747822,0.014034905103917283,0.37729433399257484,0.0037299191561708475,0.4203532146698588,7.0,0.13142134309198833,2.861488141574156
PDX,17040,0.4223591549295775,3.991,1.1253521126760564,0.047359154929577464,1.0271713615023474,0.014084507042253521,1.7679577464788732,0.2826151034604728,0.011893532983552437,0.2579584979072098,0.0035371101809821377,0.4439957554677828,2.0,-2.8292847534548113,0.8916248360139384
PFN,291,0.5463917525773195,12.45360824742268,3.8247422680412373,1.9793814432989691,4.268041237113402,0.030927835051546393,1.4570446735395188,0.33085612366230677,0.17122473246135553,0.3692033293697979,0.00267538644470868,0.12604042806183116,,,
PGD,120,0.35833333333333334,14.641666666666667,11.408333333333333,4.391666666666667,1.9666666666666666,0.0,4.65,0.5089219330855018,0.19591078066914497,0.08773234200743495,0.0,0.20743494423791822,,,
PGV,9,0.1111111111111111,-10.333333333333334,0.0,0.0,0.0,0.0,0.0,0.0,0.0,0.0,0.0,0.0,,,
PHF,778,0.38688946015424164,5.749677419354839,1.0976863753213368,0.14010282776349614,5.073264781491003,0.0,4.060411311053985,0.10583715454207461,0.013508489279960342,0.48915602924773827,0.0,0.3914983269302268,,,
PHL,31712,0.46231710393541875,7.757427307206068,2.036326942482341,0.26125756811301715,2.3820951059535824,0.010879162462159435,2.781975277497477,0.2725082183745553,0.03496237904536036,0.31878009359874077,0.001455886634960691,0.37229342234638285,0.0,1.8235302587167495,0.8515723885380373
PHX,55017,0.4602577385171856,5.480287717381407,1.7967900830652344,0.10451315048076049,1.021284330297908,0.019139538688041878,1.7404075104058745,0.3837544691902468,0.022321688528981316,0.21812365827241778,0.0040877805253943175,0.3717124034829598,2.0,-0.9846547762697786,1.8933647516231353
PIA,927,0.36893203883495146,5.064935064935065,2.587918015102481,0.4778856526429342,3.0204962243797193,0.0,3.469255663430421,0.27082862948746894,0.05001128923007451,0.3160984420862497,0.0,0.3630616391962068,,,
PIB,40,0.125,-12.051282051282051,0.0,0.0,1.75,0.0,0.0,0.0,0.0,1.0,0.0,0.0,,,
PIE,286,0.25874125874125875,-0.07368421052631578,3.2552447552447554,1.2972027972027973,1.3566433566433567,0.0,2.1573426573426575,0.4035543996532293,0.16081491114000868,0.1681837884698743,0.0,0.26744690073688776,,,
PIH,270,0.2814814814814815,-1.3333333333333333,1.885185185185185,0.337037037037037,0.8740740740740741,0.08518518518518518,2.696296296296296,0.3207309388783869,0.0573408947700063,0.148708254568368,0.014492753623188406,0.4587271581600504,,,
PIR,8,0.25,3.375,0.0,0.0,24.125,0.0,1.875,0.0,0.0,0.9278846153846154,0.0,0.07211538461538461,,,
PIT,24998,0.49035922873829907,6.56668671076368,0.6725338027042164,0.14245139611168894,1.138691095287623,0.0008800704056324506,1.2212977038163053,0.21176470588235294,0.04485451568207583,0.3585464164252425,0.000277112986522232,0.3845572490238065,1.0,-0.2877404087899821,-1.866256924131795
PLN,87,0.27586206896551724,6.908045977011494,12.436781609195402,0.0,1.206896551724138,0.0,3.310344827586207,0.7335593220338983,0.0,0.0711864406779661,0.0,0.1952542372881356,,,
PMD,31,0.41935483870967744,2.6129032258064515,2.806451612903226,0.0,0.0,0.0,0.0,1.0,0.0,0.0,0.0,0.0,,,
PNS,2690,0.42825278810408923,5.205816554809844,1.750557620817844,0.3171003717472119,1.4215613382899628,0.0,3.0472118959107806,0.26781550361144285,0.04851276801455952,0.2174827958823864,0.0,0.4661889324916112,,,
PPG,8,0.375,0.5,8.75,0.0,0.0,0.0,0.0,1.0,0.0,0.0,0.0,0.0,,,
PRC,13,0.38461538461538464,2.769230769230769,10.23076923076923,0.0,1.2307692307692308,0.0,1.5384615384615385,0.7869822485207101,0.0,0.09467455621301775,0.0,0.11834319526627218,,,
PSC,752,0.3497340425531915,0.9732620320855615,1.0438829787234043,0.16090425531914893,1.4561170212765957,0.0,2.386968085106383,0.20679662802950474,0.031875658587987354,0.28846153846153844,0.0,0.47286617492096944,,,
PSE,127,0.30708661417322836,2.696,0.6299212598425197,0.0,2.015748031496063,0.023622047244094488,9.692913385826772,0.050955414012738856,0.0,0.16305732484076432,0.001910828025477707,0.7840764331210192,,,
PSG,253,0.43873517786561267,8.699186991869919,1.4545454545454546,0.4743083003952569,0.3675889328063241,0.0,4.24901185770751,0.2222222222222222,0.07246376811594203,0.05615942028985507,0.0,0.6491545893719807,,,
PSM,9,0.4444444444444444,38.55555555555556,0.0,0.0,0.0,0.0,47.22222222222222,0.0,0.0,0.0,0.0,1.0,,,
PSP,2759,0.39180862631388186,5.792727272727273,2.8561072852482785,0.21167089525190286,2.067053280173976,0.015585357013410656,2.8836534976440737,0.35549941351619596,0.026346657042317062,0.25728593341153116,0.001939907967156907,0.35892808806279886,,,
PUB,98,0.3469387755102041,-1.1578947368421053,0.0,0.21428571428571427,0.5612244897959183,0.0,1.2959183673469388,0.0,0.10344827586206896,0.270935960591133,0.0,0.625615763546798,,,
PVD,6263,0.3862366278141466,4.091694671147383,1.161903241258183,0.29762094842727127,2.0881366757145137,0.013252434935334505,2.212038958965352,0.2012667330456909,0.05155437548401372,0.3617103661909503,0.0022956079212302248,0.3831729173581148,7.0,-0.3861383994365898,-0.5959649340072107
PVU,11,0.2727272727272727,-2.4545454545454546,0.0,2.272727272727273,0.0,0.0,3.1818181818181817,0.0,0.4166666666666667,0.0,0.0,0.5833333333333334,,,
PWM,2345,0.4157782515991471,6.260795211628901,2.4895522388059703,0.4004264392324094,2.9995735607675904,0.019189765458422176,2.499786780383795,0.29607465260168375,0.04762146262298408,0.3567298914697231,0.0022821787199513136,0.2972918145856578,,,
RAP,1043,0.3537871524448706,5.506268081002893,2.5311601150527325,0.2665388302972196,3.2406519654841803,0.0,3.1265580057526368,0.2761795166858458,0.029082540014645882,0.3535934721205147,0.0,0.3411444711789936,,,
RDD,264,0.3977272727272727,15.761363636363637,8.696969696969697,0.11742424242424243,5.196969696969697,0.0,7.2727272727272725,0.40861363231891795,0.005516995906744973,0.24417156077593877,0.0,0.3416978109983983,,,
RDM,593,0.3642495784148398,5.0641891891891895,2.220910623946037,0.49409780775716694,2.566610455311973,0.01517706576728499,4.7099494097807755,0.22194135490394337,0.049376474553420965,0.2564880350522413,0.0015166835187057635,0.4706774519716886,,,
RDU,15761,0.4181841253727555,5.658008658008658,1.5137364380432714,0.3055643677431635,2.4254806167121377,0.0,2.5113888712645136,0.22405243980316292,0.045227452011569816,0.3590022914240637,0.0,0.3717178167612036,1.0,0.8923403421009509,-1.7525884549057424
RFD,32,0.40625,9.96875,1.1875,0.0,2.4375,0.0,12.84375,0.07210626185958255,0.0,0.14800759013282733,0.0,0.7798861480075902,,,
RHI,74,0.3108108108108108,0.3698630136986301,4.756756756756757,0.7972972972972973,0.8378378378378378,0.0,5.945945945945946,0.3855421686746988,0.06462212486308871,0.06790799561883899,0.0,0.4819277108433735,,,
RIC,5593,0.417843733237976,6.7955890263582575,2.3189701412479886,0.1537636331128196,2.963168246021813,0.006436617200071518,2.4645092079384945,0.2932862989846912,0.019446894150102888,0.3747597404065758,0.0008140560341903534,0.31169301042443975,1.0,1.4835601967254672,-0.5792809940790548
RKS,158,0.31645569620253167,-1.8860759493670887,1.860759493670886,0.0,1.5759493670886076,0.0,1.7025316455696202,0.3620689655172414,0.0,0.3066502463054187,0.0,0.3312807881773399,,,
RNO,7107,0.4164907837343464,5.415714487233743,0.9340087237934431,0.2092303362881666,0.9401998030111158,0.009427325172365273,2.3298156746869285,0.21118605243064392,0.04730847543904301,0.21258589972003053,0.0021315856452023417,0.5267879867650802,6.0,-1.9677783114791492,0.5473923875877328
ROA,1001,0.4155844155844156,6.329659318637274,2.3906093906093906,0.7712287712287712,2.3726273726273726,0.017982017982017984,2.276723276723277,0.3053464335842797,0.09850708179150185,0.3030496363404364,0.0022967972438433073,0.2908000510399388,,,
ROC,4954,0.43480016148566814,7.571457489878543,2.0151392813887767,0.21154622527250708,2.7549454985870003,0.0012111425111021397,2.2379895034315704,0.2790730180029073,0.029296656602929665,0.38152745163815277,0.0001677289500167729,0.3099351448059935,,,
ROP,19,0.10526315789473684,-7.421052631578948,0.0,0.0,0.0,0.0,0.0,0.0,0.0,0.0,0.0,0.0,,,
ROR,25,0.4,41.208333333333336,0.0,0.0,0.0,0.0,0.0,0.0,0.0,0.0,0.0,0.0,,,
ROW,143,0.3076923076923077,-0.1048951048951049,2.4475524475524475,0.0,0.9370629370629371,0.0,2.993006993006993,0.38377192982456143,0.0,0.14692982456140352,0.0,0.4692982456140351,,,
RST,870,0.3724137931034483,3.4096662830840048,0.8080459770114943,0.2149425287356322,2.174712643678161,0.0,2.7448275862068967,0.13597678916827852,0.036170212765957444,0.3659574468085106,0.0,0.4618955512572534,,,
RSW,7501,0.41474470070657243,5.682085561497326,1.4880682575656579,0.2178376216504466,2.5349953339554725,0.004932675643247567,3.162378349553393,0.20086739009159785,0.029404884018067626,0.34218719069985065,0.0006658388669941874,0.42687469632348973,1.0,0.18161722727691806,-0.2973926423920259
SAF,182,0.32967032967032966,5.116022099447513,5.489010989010989,0.8186813186813187,2.120879120879121,0.0,4.362637362637362,0.42912371134020616,0.06400343642611683,0.16580756013745704,0.0,0.34106529209621994,,,
SAN,24779,0.4099035473586505,3.689190828581827,1.0334961055732677,0.08753379878122604,1.3088098793333065,0.00863634529238468,2.3159933814923925,0.2173735899024709,0.018410844488205687,0.27527989746288545,0.0018164687507957662,0.4871191993956422,6.0,-2.671268272125898,0.015998904037642172
SAT,12371,0.4057068951580309,4.166801553900939,1.1439657262953682,0.17080268369574003,1.1364481448549026,0.0032333683614905826,2.1710451863228517,0.24731746531054488,0.03692635699556115,0.24569221628045157,0.0006990318409003531,0.46936492957254206,6.0,-2.0060718985688406,-1.0401441944196859
SAV,3009,0.4253904951811233,5.246666666666667,1.3396477234961781,0.33931538717181786,2.6414091060152876,0.017613825191093387,2.6726487205051512,0.19108793552974637,0.04840009480919649,0.37677174685944537,0.0025124437070395828,0.3812277790945722,,,
SBA,2133,0.37787154242850446,6.960996240601504,2.2587904360056257,0.1350210970464135,3.5246132208157523,0.011251758087201125,3.4664791373652135,0.24039517014270034,0.014369823370921065,0.3751122642450853,0.001197485280910089,0.3689252569603832,,,
SBN,1153,0.3954900260190807,7.503916449086162,4.597571552471813,0.6331309627059843,2.7493495229835214,0.0,3.1448395490026018,0.41326888594371247,0.056911202931316754,0.24713494971544397,0.0,0.28268496140952676,,,
SBP,894,0.35570469798657717,6.0963045912653975,1.8680089485458613,0.558165548098434,3.8031319910514543,0.0,4.676733780760626,0.1712820512820513,0.05117948717948718,0.3487179487179487,0.0,0.4288205128205128,,,
SCC,199,0.3768844221105528,2.405128205128205,0.2663316582914573,0.6482412060301508,0.5628140703517588,0.0,2.959798994974874,0.06002265005662514,0.14609286523216308,0.12684031710079274,0.0,0.6670441676104191,,,
SCE,156,0.23717948717948717,0.8141025641025641,2.9423076923076925,0.46153846153846156,3.0961538461538463,0.0,3.7948717948717947,0.28580323785803236,0.0448318804483188,0.30074719800747196,0.0,0.3686176836861768,,,
SCK,59,0.4576271186440678,8.830508474576272,1.8305084745762712,0.0,0.3220338983050847,0.0,4.915254237288136,0.2589928057553957,0.0,0.045563549160671464,0.0,0.6954436450839329,,,
SDF,6553,0.4304898519761941,6.140651276563217,1.514115672211201,0.3622768197772013,1.8002441629787884,0.004730657714024111,2.0398290859148482,0.2646501827105172,0.06332186391400603,0.31466218559120857,0.0008268651142940973,0.3565389026699741,1.0,1.1016326940754426,-1.3028296546924607
SEA,33464,0.4534425053789147,5.046610550280083,1.949468085106383,0.1678221372220894,1.4251135548649294,0.009174037771934018,1.6850645469758547,0.37227443662655,0.03204766062349135,0.27214261665496836,0.0017518931288126502,0.32178339296617764,3.0,0.017456044341983792,-0.3781318624165739
SFB,229,0.4017467248908297,10.714912280701755,6.602620087336245,1.6943231441048034,1.8908296943231442,0.0,5.6244541484716155,0.4175642087821044,0.10715272024302679,0.11958022645677989,0.0,0.3557028445180889,,,
SFO,45478,0.45936496767667884,7.741174137247124,2.102884911385725,0.1091516777342891,1.2980122256915432,0.006090857117727253,3.795439553190554,0.2876102202600777,0.014928604939311191,0.17752829939010453,0.0008330426205054794,0.519099832790001,4.0,-0.4190303980141272,2.0558825233520888
SGF,1540,0.39090909090909093,9.9921875,5.491558441558442,0.36883116883116884,3.233116883116883,0.005844155844155844,4.417532467532467,0.4062740199846272,0.027286702536510377,0.23919100691775558,0.0004323597232897771,0.3268159108378171,,,
SGU,477,0.3228511530398323,1.4444444444444444,2.8742138364779874,0.1740041928721174,1.4318658280922432,0.0,2.3291404612159328,0.42210591133004927,0.025554187192118227,0.2102832512315271,0.0,0.34205665024630544,,,
SHD,19,0.21052631578947367,-12.947368421052632,1.3157894736842106,0.0,0.0,0.0,0.0,1.0,0.0,0.0,0.0,0.0,,,
SHV,1935,0.40930232558139534,5.5605590062111805,2.440826873385013,0.37209302325581395,1.8284237726098191,0.0,2.587080103359173,0.3376706942160578,0.05147637091585043,0.2529491670837206,0.0,0.3579037677843712,,,
SIT,414,0.427536231884058,4.602941176470588,1.4951690821256038,0.6207729468599034,0.642512077294686,0.0,2.4347826086956523,0.287906976744186,0.11953488372093023,0.12372093023255815,0.0,0.4688372093023256,,,
SJC,16566,0.419956537486418,3.9202854723599856,1.0981528431727634,0.063805384522516,0.7139925147893276,0.02740552939756127,2.121393215018713,0.27284998650148484,0.0158532561418244,0.17740048594654587,0.006809250982391937,0.5270870204277529,2.0,-3.677141126447995,3.9477528256401726
SJT,256,0.26171875,-0.4453125,0.58203125,1.41015625,1.28515625,0.0,2.6328125,0.09847984137475214,0.23859881031064112,0.21744877726371448,0.0,0.4454725710508923,,,
SJU,7690,0.40780234070221066,5.244160250554613,2.215734720416125,0.1951885565669701,1.1078023407022106,0.010013003901170351,3.2477243172951886,0.32697511082113184,0.02880389936865537,0.16347796050737848,0.0014776150908637333,0.4792654142119706,4.0,-1.0876266799842929,1.283409941640129
SLC,33666,0.43120655854571377,3.8884751720234725,1.8685023465811204,0.2537575001485178,1.1773599477217371,0.009445731598645517,1.4169785540307729,0.395362869012677,0.053693426436297584,0.24912166026636162,0.00199865499318069,0.2998233892914831,3.0,-0.08635228915485978,-1.0300988354032508
SLE,5,0.2,-11.2,0.0,0.0,0.0,0.0,0.0,0.0,0.0,0.0,0.0,0.0,,,
SLN,16,0.5625,91.0,28.875,59.4375,2.625,0.0,7.1875,0.29426751592356687,0.6057324840764331,0.0267515923566879,0.0,0.0732484076433121,,,
SMF,13447,0.4162266676582137,4.307004470938897,1.1780322748568455,0.06707815869710716,0.87692422101584,0.008998289581319253,2.653974864281996,0.2461923411662315,0.01401840109411911,0.18326495088897177,0.0018805172199428074,0.5546437896307348,6.0,-3.2280439041859426,1.0464879163676912
SMX,230,0.2608695652173913,-1.108695652173913,1.6130434782608696,0.0,1.2173913043478262,0.0,2.143478260869565,0.3243006993006993,0.0,0.24475524475524477,0.0,0.43094405594405594,,,
SNA,13227,0.4193694715354956,3.8227272727272728,0.931881757012172,0.09034550540560973,1.525894004687382,0.011416042942466167,2.175020790806683,0.1968254982115483,0.01908214103219213,0.32228857945835465,0.0024112161471640265,0.45939256515074095,6.0,-2.2748972449716494,0.18747924048346445
SOP,5,0.8,13.8,6.6,3.0,3.8,0.0,0.0,0.4925373134328358,0.22388059701492538,0.2835820895522388,0.0,0.0,,,
SPI,279,0.3548387096774194,13.338129496402878,5.681003584229391,0.3046594982078853,8.039426523297491,0.0,5.659498207885305,0.2886016023306628,0.015477057538237436,0.4084122359796067,0.0,0.28750910415149306,,,
SPN,104,0.2980769230769231,3.2884615384615383,0.0,0.0,0.0,0.0,0.0,0.0,0.0,0.0,0.0,0.0,,,
SPS,265,0.27169811320754716,-0.2765151515151515,0.22641509433962265,0.12075471698113208,1.679245283018868,0.0,3.6,0.04024144869215292,0.021462105969148222,0.29845741113346747,0.0,0.6398390342052314,,,
SRQ,2328,0.44372852233676974,5.980586712683348,0.8213058419243986,0.49312714776632305,1.6494845360824741,0.00816151202749141,1.6743986254295533,0.17675880558380327,0.10612924100952205,0.35499676435240823,0.00175649440695202,0.3603586946473144,,,
STC,9,0.5555555555555556,11.666666666666666,4.0,0.0,9.666666666666666,0.0,0.7777777777777778,0.27692307692307694,0.0,0.6692307692307692,0.0,0.05384615384615385,,,
STL,33768,0.4586294716891732,6.537299254905453,0.806592039800995,0.12298625918028903,0.8684849561715233,0.004294006159677802,1.3424247808576166,0.256485832399499,0.03910803913628959,0.2761669789910823,0.0013654383998945316,0.4268737110732346,6.0,-1.2851154196065289,-0.8225923711453906
STS,60,0.36666666666666664,-0.7,0.5,0.0,1.4333333333333333,0.1,6.833333333333333,0.05639097744360902,0.0,0.16165413533834586,0.011278195488721804,0.7706766917293233,,,
STT,1014,0.3796844181459566,2.5402985074626865,1.1331360946745561,0.1291913214990138,1.2238658777120315,0.046351084812623275,3.203155818540434,0.19755845942228337,0.022524071526822557,0.21337689133425033,0.008081155433287484,0.5584594222833562,,,
STX,372,0.4435483870967742,9.333333333333334,3.717741935483871,0.0,0.6666666666666666,0.010752688172043012,1.5483870967741935,0.6255088195386703,0.0,0.11216644052464948,0.0018091361374943465,0.26051560379918587,,,
SUN,370,0.2891891891891892,0.6494565217391305,2.1,0.9351351351351351,0.9918918918918919,0.0,3.1027027027027025,0.29454131918119786,0.13115996967399546,0.13912054586808187,0.0,0.4351781652767248,,,
SUX,251,0.3904382470119522,3.592,0.043824701195219126,0.0,0.7848605577689243,0.03187250996015936,2.1155378486055776,0.014725568942436412,0.0,0.2637215528781794,0.0107095046854083,0.7108433734939759,,,
SWF,749,0.40854472630173566,6.626168224299065,2.1241655540720963,0.38985313751668893,2.096128170894526,0.0,2.2149532710280373,0.3112284820031299,0.05712050078247261,0.3071205007824726,0.0,0.3245305164319249,,,
SWO,18,0.1111111111111111,1.7222222222222223,0.2222222222222222,0.0,1.3333333333333333,0.0,11.61111111111111,0.016877637130801686,0.0,0.10126582278481013,0.0,0.8818565400843882,,,
SYR,4358,0.44125745754933454,5.657090324063434,1.1514456172556218,0.22349701698026617,2.106700321248279,0.006195502524093621,2.285910968334098,0.19942770844924887,0.03870916461330578,0.36487560607264924,0.0010730466576583737,0.39591447420713777,,,
TEX,12,0.08333333333333333,-0.6666666666666666,0.0,6.166666666666667,0.0,0.0,0.0,0.0,1.0,0.0,0.0,0.0,,,
TLH,1609,0.4095711622125544,5.545851528384279,1.6432566811684275,0.5966438781852083,1.7843380981976382,0.0,2.420758234928527,0.2549662487945998,0.09257473481195758,0.27685631629701063,0.0,0.37560270009643204,,,
TOL,716,0.43575418994413406,8.289915966386555,1.8547486033519553,0.8072625698324022,2.2458100558659218,0.0,3.420391061452514,0.2227066912627872,0.09693107496226731,0.2696629213483146,0.0,0.4106993124266309,,,
TPA,21433,0.40484299911351657,5.0959794296400185,1.4133812345448606,0.3440955535855923,1.5638501376382214,0.00018662809685998226,2.5729949143843607,0.239779320389118,0.05837561442807729,0.2653062839864806,3.16613501982792e-05,0.43650711984612584,1.0,-0.15081260225453733,-1.502816809555327
TRI,804,0.4154228855721393,5.3915211970074814,3.701492537313433,0.2810945273631841,1.3955223880597014,0.0,1.8519900497512438,0.5119559607775676,0.0388783760536728,0.19301565456734904,0.0,0.25615000860141063,,,
TTN,201,0.44776119402985076,10.308457711442786,3.2686567164179103,0.11940298507462686,7.253731343283582,0.0,6.124378109452737,0.19495548961424333,0.007121661721068249,0.4326409495548961,0.0,0.3652818991097923,,,
TUL,6803,0.400558577098339,4.798703212496316,0.9629575187417316,0.2866382478318389,1.3272085844480377,0.0047038071439071,2.0007349698662353,0.21014980912969558,0.0625541333846598,0.28964167709235555,0.001026529368363648,0.4366278510249254,6.0,-0.9193961317505867,-1.4154838010253488
TUP,14,0.42857142857142855,5.928571428571429,0.0,0.0,7.785714285714286,0.0,0.0,0.0,0.0,1.0,0.0,0.0,,,
TUS,6510,0.40291858678955456,3.5966748768472905,1.3612903225806452,0.10522273425499232,1.0462365591397849,0.0026113671274961598,1.8559139784946237,0.3114172259900903,0.024071405980953718,0.23934357100186246,0.0005973925571915522,0.42457040446990196,6.0,-2.3307861247924566,-1.4037680883534942
TVC,736,0.36141304347826086,5.042119565217392,2.0652173913043477,0.30027173913043476,2.8505434782608696,0.012228260869565218,3.6793478260869565,0.23184868822452714,0.03370957901159243,0.32001220256253815,0.0013727882855399634,0.41305674191580233,,,
TVL,40,0.375,1.45,0.0,0.0,0.0,0.0,0.0,0.0,0.0,0.0,0.0,0.0,,,
TWF,271,0.30996309963099633,-1.8191881918819188,2.162361623616236,0.6051660516605166,0.6531365313653137,0.0,1.2103321033210332,0.46693227091633466,0.1306772908366534,0.14103585657370518,0.0,0.2613545816733068,,,
TXK,228,0.2807017543859649,2.3596491228070176,4.754385964912281,0.4649122807017544,1.0043859649122806,0.0,2.258771929824561,0.5604963805584281,0.05480868665977249,0.11840744570837643,0.0,0.266287487073423,,,
TYR,358,0.3268156424581006,2.2206703910614527,1.1564245810055866,0.9664804469273743,1.5782122905027933,0.0,3.0335195530726256,0.17171298216507674,0.1435089174616342,0.23434259643301536,0.0,0.45043550394027376,,,
TYS,3202,0.3910056214865709,5.4943609022556394,2.947532792004997,0.24297314178638352,2.590568394753279,0.0,2.5028107432854467,0.3558152686145146,0.02933081998114986,0.31272384542884074,0.0,0.3021300659754948,,,
UCA,44,0.45454545454545453,2.4545454545454546,0.0,0.0,0.0,0.0,0.0,0.0,0.0,0.0,0.0,0.0,,,
UIN,18,0.3333333333333333,-2.2777777777777777,0.7777777777777778,0.0,2.5555555555555554,0.0,4.444444444444445,0.1,0.0,0.32857142857142857,0.0,0.5714285714285714,,,
USA,23,0.391304347826087,-0.5217391304347826,0.0,0.0,0.0,0.0,3.5217391304347827,0.0,0.0,0.0,0.0,1.0,,,
UST,4,0.25,17.5,0.0,20.75,3.5,0.0,4.0,0.0,0.7345132743362832,0.12389380530973451,0.0,0.1415929203539823,,,
UTM,2,0.5,17.0,0.0,0.0,6.5,0.0,17.0,0.0,0.0,0.2765957446808511,0.0,0.723404255319149,,,
VCT,29,0.3793103448275862,-0.8275862068965517,0.896551724137931,0.0,0.0,0.0,1.103448275862069,0.4482758620689655,0.0,0.0,0.0,0.5517241379310345,,,
VEL,24,0.2916666666666667,19.083333333333332,21.0,0.0,1.0416666666666667,0.0,8.25,0.6932599724896836,0.0,0.0343878954607978,0.0,0.2723521320495186,,,
VIS,21,0.23809523809523808,-3.5714285714285716,0.0,0.0,0.0,0.0,0.0,0.0,0.0,0.0,0.0,0.0,,,
VLD,198,0.37373737373737376,5.53030303030303,1.6111111111111112,0.6919191919191919,3.8383838383838382,0.0,4.585858585858586,0.1501883239171375,0.06450094161958568,0.3578154425612053,0.0,0.4274952919020716,,,
VPS,1279,0.3776387802971071,5.681818181818182,3.047693510555121,0.9827990617670055,2.592650508209539,0.0023455824863174357,3.226739640344019,0.3093405285294818,0.09975398777874772,0.26315371795889214,0.00023807634314736926,0.32751368938973097,,,
WRG,215,0.3627906976744186,7.626168224299065,1.5534883720930233,0.46511627906976744,0.6325581395348837,0.0,4.4186046511627906,0.21973684210526315,0.06578947368421052,0.08947368421052632,0.0,0.625,,,
WYS,45,0.28888888888888886,-4.355555555555555,2.911111111111111,0.0,0.0,0.0,0.6444444444444445,0.81875,0.0,0.0,0.0,0.18125,,,
XNA,2096,0.3683206106870229,6.515281757402101,2.8936068702290076,0.7137404580152672,4.123091603053435,0.0,4.4570610687022905,0.23742415345468781,0.058563319632021923,0.33830495204541006,0.0,0.3657075748678802,,,
XWA,2,0.0,-33.5,0.0,0.0,0.0,0.0,0.0,0.0,0.0,0.0,0.0,0.0,,,
YAK,224,0.3392857142857143,1.9181818181818182,0.6339285714285714,0.46875,0.4419642857142857,0.0,3.9464285714285716,0.11544715447154472,0.08536585365853659,0.08048780487804878,0.0,0.71869918699187,,,
YAP,7,0.7142857142857143,6.285714285714286,0.0,0.0,0.0,0.0,0.0,0.0,0.0,0.0,0.0,0.0,,,
YKM,22,0.6818181818181818,5.636363636363637,1.1818181818181819,0.0,1.7272727272727273,0.0,0.0,0.40625,0.0,0.59375,0.0,0.0,,,
YUM,512,0.35546875,1.255859375,2.068359375,0.451171875,0.7109375,0.0,1.76171875,0.41431924882629106,0.0903755868544601,0.14241001564945227,0.0,0.35289514866979654,,,
