airport,role,flights,pct_delayed,dominant_cause,avg_arr_delay,total_CarrierDelay,total_WeatherDelay,total_NASDelay,total_SecurityDelay,total_LateAircraftDelay,share_CarrierDelay,share_WeatherDelay,share_NASDelay,share_SecurityDelay,share_LateAircraftDelay,cluster
ABE,Origin,1596,0.4022556390977443,NASDelay,,2866.0,204.0,2928.0,0.0,2826.0,0.3247960108794198,0.023118766999093383,0.3318223028105168,0.0,0.32026291931097006,
ABI,Origin,462,0.3095238095238095,CarrierDelay,,1784.0,339.0,578.0,0.0,1199.0,0.4574358974358974,0.08692307692307692,0.1482051282051282,0.0,0.30743589743589744,
ABQ,Origin,10779,0.4231375823360238,LateAircraftDelay,,10365.0,1809.0,8193.0,52.0,23859.0,0.2340891639188762,0.04085550386196305,0.18503545778942138,0.0011743981209630064,0.5388454763087763,6.0
ABR,Origin,80,0.275,CarrierDelay,,1839.0,73.0,66.0,9.0,346.0,0.7882554650664381,0.031290184312044576,0.02828975567938277,0.0038576939562794685,0.1483069009858551,
ABY,Origin,182,0.489010989010989,CarrierDelay,,1088.0,108.0,789.0,0.0,913.0,0.3754313319530711,0.037267080745341616,0.2722567287784679,0.0,0.3150448585231194,
ACK,Origin,73,0.5205479452054794,NASDelay,,53.0,0.0,1567.0,9.0,656.0,0.023194748358862146,0.0,0.6857768052516411,0.003938730853391685,0.287089715536105,
ACT,Origin,325,0.2892307692307692,CarrierDelay,,812.0,121.0,383.0,0.0,611.0,0.4213803840166061,0.06279190451478983,0.19875454073689672,0.0,0.3170731707317073,
ACV,Origin,524,0.3912213740458015,LateAircraftDelay,,1597.0,97.0,2316.0,0.0,4343.0,0.19118879444510953,0.011612594277505089,0.27726565305878126,0.0,0.5199329582186041,
ACY,Origin,270,0.3518518518518518,LateAircraftDelay,,1038.0,25.0,932.0,0.0,1094.0,0.3360310780187763,0.00809323405632891,0.30171576561994173,0.0,0.3541599223049531,
ADK,Origin,22,0.4090909090909091,LateAircraftDelay,,23.0,0.0,0.0,28.0,48.0,0.23232323232323232,0.0,0.0,0.2828282828282828,0.48484848484848486,
ADQ,Origin,166,0.4698795180722891,LateAircraftDelay,,78.0,94.0,30.0,84.0,242.0,0.14772727272727273,0.17803030303030304,0.056818181818181816,0.1590909090909091,0.4583333333333333,
AEX,Origin,568,0.380281690140845,LateAircraftDelay,,1871.0,524.0,1939.0,214.0,3020.0,0.24722515856236787,0.06923890063424948,0.2562103594080338,0.028276955602537,0.39904862579281186,
AGS,Origin,813,0.4317343173431734,LateAircraftDelay,,1776.0,656.0,2201.0,0.0,3493.0,0.21855771597341866,0.08072852571991139,0.2708589712035442,0.0,0.42985478710312575,
AKN,Origin,69,0.5797101449275363,LateAircraftDelay,,104.0,0.0,16.0,0.0,602.0,0.1440443213296399,0.0,0.0221606648199446,0.0,0.8337950138504155,
ALB,Origin,4072,0.4214145383104126,LateAircraftDelay,,5927.0,1256.0,7595.0,0.0,7818.0,0.2623030624889361,0.05558505930253142,0.3361214374225527,0.0,0.34599044078597985,
ALO,Origin,78,0.358974358974359,NASDelay,,175.0,57.0,320.0,0.0,53.0,0.2892561983471074,0.09421487603305785,0.5289256198347108,0.0,0.08760330578512397,
AMA,Origin,1979,0.3724103082364831,LateAircraftDelay,,2125.0,249.0,1570.0,0.0,5737.0,0.2195021175498399,0.025720483421134182,0.16217332920152877,0.0,0.5926040698274971,
ANC,Origin,5934,0.4512976070104482,CarrierDelay,,10352.0,372.0,4053.0,22.0,7335.0,0.46769675612180356,0.01680672268907563,0.18311195445920303,0.0009939459654829674,0.3313906207644348,3.0
ANI,Origin,3,0.6666666666666666,CarrierDelay,,0.0,0.0,0.0,0.0,0.0,0.0,0.0,0.0,0.0,0.0,
APF,Origin,37,0.4594594594594595,NASDelay,,16.0,0.0,195.0,28.0,22.0,0.06130268199233716,0.0,0.7471264367816092,0.10727969348659004,0.0842911877394636,
APN,Origin,41,0.2439024390243902,CarrierDelay,,286.0,14.0,8.0,0.0,180.0,0.5860655737704918,0.028688524590163935,0.01639344262295082,0.0,0.36885245901639346,
ART,Origin,12,0.25,CarrierDelay,,115.0,4.0,0.0,0.0,55.0,0.6609195402298851,0.022988505747126436,0.0,0.0,0.3160919540229885,
ASE,Origin,646,0.3823529411764705,LateAircraftDelay,,3211.0,916.0,2446.0,14.0,4644.0,0.2859050841421067,0.08155996794586412,0.21779004541002583,0.0012465497284302378,0.41349835277357316,
ATL,Origin,106987,0.4710852720423977,CarrierDelay,,274702.0,60280.0,189919.0,213.0,261478.0,0.34923060493877384,0.07663439241690737,0.24144537447622147,0.0002707884138155486,0.33241883975428177,5.0
ATW,Origin,677,0.3249630723781389,CarrierDelay,,4054.0,1022.0,2230.0,0.0,3017.0,0.3927152959411024,0.09900222803448609,0.2160224740869902,0.0,0.2922600019374213,
ATY,Origin,7,0.4285714285714285,CarrierDelay,,23.0,0.0,2.0,0.0,0.0,0.92,0.0,0.08,0.0,0.0,
AUS,Origin,13889,0.3954208366333069,LateAircraftDelay,,19655.0,3336.0,20272.0,79.0,31753.0,0.26173513549503963,0.04442372994207337,0.2699513948997936,0.0010520007989879487,0.4228377388641055,6.0
AVL,Origin,1210,0.4305785123966942,LateAircraftDelay,,2286.0,638.0,4623.0,16.0,5043.0,0.18134221799143266,0.0506108202443281,0.36673012851023323,0.0012692368713311123,0.4000475963826749,
AVP,Origin,696,0.4281609195402299,NASDelay,,338.0,555.0,2174.0,0.0,1265.0,0.07802400738688828,0.1281163434903047,0.5018467220683287,0.0,0.2920129270544783,
AZA,Origin,122,0.3852459016393442,NASDelay,,278.0,35.0,476.0,0.0,340.0,0.2462356067316209,0.03100088573959256,0.4216120460584588,0.0,0.30115146147032773,
AZO,Origin,901,0.3684794672586015,NASDelay,,512.0,330.0,2596.0,0.0,1445.0,0.10485357362277288,0.06758140487405284,0.5316403850092156,0.0,0.2959246364939586,
BDL,Origin,9219,0.4104566655819503,NASDelay,,10366.0,1922.0,16831.0,168.0,15818.0,0.22981931049772752,0.04261168384879725,0.373151535306507,0.0037246425008313935,0.3506928278461368,7.0
BET,Origin,287,0.4634146341463415,LateAircraftDelay,,380.0,120.0,118.0,103.0,1346.0,0.18384131591678762,0.05805515239477504,0.057087566521528785,0.049830672472181904,0.6511852926947267,
BFF,Origin,14,0.2857142857142857,LateAircraftDelay,,0.0,107.0,63.0,0.0,146.0,0.0,0.33860759493670883,0.19936708860759494,0.0,0.4620253164556962,
BFL,Origin,714,0.3207282913165266,LateAircraftDelay,,1872.0,27.0,1585.0,0.0,2725.0,0.30149782573683365,0.004348526332742793,0.2552746013850862,0.0,0.43887904654533744,
BFM,Origin,3,0.3333333333333333,NASDelay,,0.0,0.0,16.0,0.0,0.0,0.0,0.0,1.0,0.0,0.0,
BGM,Origin,322,0.3788819875776397,NASDelay,,414.0,6.0,554.0,0.0,142.0,0.3709677419354839,0.005376344086021506,0.496415770609319,0.0,0.12724014336917563,
BGR,Origin,694,0.3847262247838616,CarrierDelay,,2784.0,431.0,1846.0,0.0,1991.0,0.394781622234827,0.061117413499716396,0.26176971072036304,0.0,0.2823312535450936,
BHM,Origin,5954,0.4229089687604971,LateAircraftDelay,,9218.0,1378.0,10562.0,6.0,14461.0,0.25875087719298245,0.03868070175438597,0.2964771929824561,0.00016842105263157895,0.40592280701754385,1.0
BIL,Origin,1342,0.3524590163934426,CarrierDelay,,2068.0,76.0,1090.0,0.0,1878.0,0.4045383411580595,0.01486697965571205,0.21322378716744914,0.0,0.3673708920187793,
BIS,Origin,873,0.3344788087056128,CarrierDelay,,2495.0,86.0,1494.0,0.0,1343.0,0.4605020302694721,0.015873015873015872,0.2757475083056478,0.0,0.24787744555186417,
BJI,Origin,55,0.2909090909090909,LateAircraftDelay,,32.0,109.0,110.0,0.0,219.0,0.06808510638297872,0.23191489361702128,0.23404255319148937,0.0,0.46595744680851064,
BKG,Origin,72,0.4166666666666667,LateAircraftDelay,,41.0,173.0,136.0,0.0,311.0,0.06202723146747353,0.2617246596066566,0.20574886535552195,0.0,0.47049924357034795,
BLI,Origin,175,0.3428571428571428,LateAircraftDelay,,179.0,37.0,104.0,0.0,324.0,0.2779503105590062,0.05745341614906832,0.16149068322981366,0.0,0.5031055900621118,
BLV,Origin,26,0.4615384615384615,WeatherDelay,,49.0,75.0,31.0,75.0,41.0,0.18081180811808117,0.2767527675276753,0.11439114391143912,0.2767527675276753,0.15129151291512916,
BMI,Origin,616,0.3912337662337662,LateAircraftDelay,,1939.0,311.0,1974.0,0.0,2658.0,0.2817494914269108,0.04519035164196455,0.2868352223190933,0.0,0.3862249346120314,
BNA,Origin,18591,0.4165994298316389,LateAircraftDelay,,24441.0,3430.0,28336.0,42.0,50641.0,0.2286556272803817,0.032089063523248196,0.2650949574328749,0.0003929273084479371,0.47376742445504727,6.0
BOI,Origin,4076,0.3680078508341511,LateAircraftDelay,,5450.0,361.0,6574.0,15.0,11115.0,0.23176695726132257,0.015351903040612375,0.27956623431852007,0.0006378907080586859,0.47267701467148626,
BOS,Origin,36341,0.4386505599735835,LateAircraftDelay,,66540.0,12607.0,92982.0,725.0,94444.0,0.2489356448607921,0.04716458783829284,0.3478589439501979,0.002712328562129159,0.353328494788588,0.0
BPT,Origin,149,0.3691275167785235,LateAircraftDelay,,944.0,56.0,280.0,0.0,1188.0,0.3824959481361426,0.022690437601296597,0.11345218800648298,0.0,0.4813614262560778,
BQK,Origin,206,0.3495145631067961,NASDelay,,240.0,394.0,891.0,0.0,639.0,0.11090573012939002,0.18207024029574861,0.41173752310536044,0.0,0.29528650646950094,
BQN,Origin,270,0.4074074074074074,LateAircraftDelay,,933.0,30.0,404.0,0.0,2551.0,0.23813169984686064,0.007656967840735069,0.1031138335885656,0.0,0.6510974987238387,
BRD,Origin,61,0.3114754098360656,LateAircraftDelay,,240.0,23.0,82.0,0.0,1322.0,0.14397120575884823,0.013797240551889621,0.04919016196760648,0.0,0.7930413917216557,
BRO,Origin,416,0.3317307692307692,CarrierDelay,,1743.0,148.0,868.0,0.0,1725.0,0.38871543264942016,0.03300624442462088,0.1935771632471008,0.0,0.38470115967885815,
BRW,Origin,212,0.4481132075471698,LateAircraftDelay,,53.0,124.0,84.0,94.0,1016.0,0.03865791393143691,0.09044493070751276,0.061269146608315096,0.06856309263311451,0.7410649161196207,
BTM,Origin,187,0.2887700534759358,LateAircraftDelay,,36.0,91.0,33.0,0.0,238.0,0.09045226130653267,0.228643216080402,0.0829145728643216,0.0,0.5979899497487438,
BTR,Origin,2447,0.4417654270535349,CarrierDelay,,6936.0,1354.0,4972.0,0.0,6421.0,0.3523853071178174,0.06879032667784382,0.25260376975054616,0.0,0.3262205964537926,
BTV,Origin,1673,0.4219964136282128,NASDelay,,4653.0,1097.0,7178.0,11.0,5684.0,0.24985233313644417,0.05890565429844816,0.3854373624013317,0.0005906674542232723,0.3052139827095527,
BUF,Origin,7401,0.4204837184164302,NASDelay,,9541.0,2090.0,17982.0,28.0,17353.0,0.2030259182023237,0.04447376260799251,0.3826445929267566,0.0005958207430735838,0.3692599055198536,1.0
BUR,Origin,8844,0.3967661691542288,LateAircraftDelay,,7959.0,881.0,9987.0,44.0,21848.0,0.19546157813305828,0.021636091259608536,0.2452663375819642,0.0010805766349861244,0.5365554163903828,6.0
BWI,Origin,28597,0.4311291394202189,LateAircraftDelay,,55197.0,7490.0,46890.0,541.0,80357.0,0.28978606116288225,0.03932274576716104,0.24617403858774117,0.002840267751673448,0.4218768867305421,4.0
BZN,Origin,1275,0.3670588235294117,LateAircraftDelay,,1678.0,93.0,1591.0,15.0,2615.0,0.2800400534045394,0.015520694259012017,0.26552069425901204,0.0025033377837116156,0.436415220293725,
CAE,Origin,2403,0.455264253017062,LateAircraftDelay,,7352.0,842.0,4094.0,0.0,7791.0,0.36615369291299366,0.04193435928084068,0.20389461626575028,0.0,0.38801733154041534,
CAK,Origin,1619,0.3823347745521927,LateAircraftDelay,,5144.0,3165.0,6099.0,0.0,6374.0,0.24752189394668464,0.1522952555095756,0.29347512270233855,0.0,0.3067077278414012,
CCR,Origin,49,0.3061224489795918,CarrierDelay,,0.0,0.0,0.0,0.0,0.0,0.0,0.0,0.0,0.0,0.0,
CDC,Origin,116,0.2327586206896551,LateAircraftDelay,,262.0,0.0,67.0,0.0,303.0,0.41455696202531644,0.0,0.1060126582278481,0.0,0.47943037974683544,
CDV,Origin,242,0.4132231404958678,LateAircraftDelay,,174.0,0.0,75.0,11.0,914.0,0.14821124361158433,0.0,0.06388415672913117,0.009369676320272573,0.778534923339012,
CEC,Origin,104,0.4134615384615384,NASDelay,,0.0,33.0,1164.0,0.0,1044.0,0.0,0.014725568942436412,0.5194109772423026,0.0,0.46586345381526106,
CGI,Origin,12,0.3333333333333333,LateAircraftDelay,,0.0,0.0,25.0,0.0,460.0,0.0,0.0,0.05154639175257732,0.0,0.9484536082474226,
CHA,Origin,1291,0.4097598760650658,LateAircraftDelay,,3082.0,1133.0,3366.0,1.0,3920.0,0.2679533994087985,0.09850460789427926,0.29264475743348983,8.69414014953921e-05,0.34081029386193706,
CHO,Origin,493,0.385395537525355,LateAircraftDelay,,2257.0,123.0,1648.0,0.0,2521.0,0.3446327683615819,0.018781493357764543,0.25164147198045506,0.0,0.3849442663001985,
CHS,Origin,4064,0.4077263779527559,NASDelay,,6409.0,1169.0,11121.0,0.0,10020.0,0.22316236637765938,0.04070475991503882,0.38723493157839756,0.0,0.34889794212890424,
CIC,Origin,138,0.3405797101449275,NASDelay,,482.0,0.0,788.0,0.0,330.0,0.30125,0.0,0.4925,0.0,0.20625,
CID,Origin,2086,0.37679769894535,LateAircraftDelay,,4426.0,1157.0,4818.0,9.0,7012.0,0.2540466077373436,0.06641028584548272,0.27654689473080013,0.0005165882217885433,0.402479623464585,
CIU,Origin,45,0.4222222222222222,WeatherDelay,,45.0,1129.0,57.0,0.0,292.0,0.02954694681549573,0.7413000656598818,0.03742613263296126,0.0,0.1917268548916612,
CKB,Origin,19,0.3157894736842105,WeatherDelay,,0.0,276.0,114.0,0.0,26.0,0.0,0.6634615384615384,0.27403846153846156,0.0,0.0625,
CLD,Origin,292,0.3904109589041096,LateAircraftDelay,,283.0,154.0,330.0,0.0,1441.0,0.12817028985507245,0.06974637681159421,0.14945652173913043,0.0,0.6526268115942029,
CLE,Origin,19517,0.4174309576266844,NASDelay,,27862.0,4944.0,39019.0,100.0,33814.0,0.2634978579332129,0.04675663662414057,0.36901237953829713,0.0009457248508119048,0.3197874010535375,1.0
CLL,Origin,415,0.308433734939759,LateAircraftDelay,,261.0,622.0,358.0,0.0,1454.0,0.09684601113172542,0.23079777365491652,0.13283858998144712,0.0,0.5395176252319109,
CLT,Origin,42452,0.4733817016866107,LateAircraftDelay,,86687.0,13143.0,82959.0,913.0,93087.0,0.31318802409055274,0.047483823417838134,0.29971928075176396,0.0032985414882816875,0.3363103302515635,0.0
CMH,Origin,11291,0.4269772385085466,LateAircraftDelay,,15534.0,2227.0,22326.0,21.0,26189.0,0.23430924476220644,0.03359126355642035,0.33675731933571657,0.0003167564143173899,0.3950254159313393,1.0
CMI,Origin,475,0.3494736842105263,CarrierDelay,,2164.0,230.0,1543.0,0.0,716.0,0.4650762948635289,0.04943047496238986,0.33161401246507627,0.0,0.15387921770900495,
CMX,Origin,88,0.2727272727272727,LateAircraftDelay,,336.0,211.0,180.0,0.0,874.0,0.2098688319800125,0.13179262960649593,0.11242973141786383,0.0,0.5459088069956277,
CNY,Origin,11,0.4545454545454545,LateAircraftDelay,,0.0,17.0,132.0,0.0,503.0,0.0,0.02607361963190184,0.20245398773006135,0.0,0.7714723926380368,
COD,Origin,178,0.3370786516853932,LateAircraftDelay,,175.0,182.0,359.0,8.0,573.0,0.13492675404780263,0.14032382420971473,0.27679259830377795,0.006168080185042405,0.4417887432536623,
COS,Origin,3855,0.4360570687418936,CarrierDelay,,10528.0,2703.0,6195.0,41.0,6861.0,0.39987845639623215,0.10266636280765724,0.23530082041932543,0.0015572774232756,0.2605970829535096,
COU,Origin,94,0.3936170212765957,LateAircraftDelay,,83.0,0.0,326.0,0.0,329.0,0.11246612466124661,0.0,0.44173441734417346,0.0,0.44579945799457993,
CPR,Origin,494,0.3724696356275304,LateAircraftDelay,,413.0,653.0,384.0,0.0,1293.0,0.15056507473569086,0.23806051768137076,0.13999270871308786,0.0,0.47138169886985054,
CRP,Origin,1934,0.3862461220268873,LateAircraftDelay,,1531.0,529.0,2123.0,2.0,5676.0,0.15525808741506947,0.05364567488084373,0.21529256667680763,0.00020281918669506134,0.5756008518405841,
CRW,Origin,1014,0.4240631163708087,LateAircraftDelay,,2159.0,250.0,2173.0,4.0,2569.0,0.30174703004891684,0.03494060097833683,0.3037037037037037,0.0005590496156533892,0.3590496156533892,
CSG,Origin,337,0.4629080118694362,CarrierDelay,,1076.0,169.0,641.0,0.0,963.0,0.3776763776763777,0.05931905931905932,0.22499122499122498,0.0,0.338013338013338,
CVG,Origin,23347,0.4783912279950315,CarrierDelay,,43011.0,11867.0,41607.0,211.0,28101.0,0.3446477078775932,0.0950904268532096,0.33339743743839995,0.0016907457711323188,0.2251736820596649,5.0
CWA,Origin,317,0.3533123028391167,LateAircraftDelay,,535.0,134.0,1406.0,0.0,1553.0,0.14746416758544653,0.03693495038588754,0.3875413450937156,0.0,0.4280595369349504,
CYS,Origin,10,0.1,CarrierDelay,,1154.0,0.0,0.0,0.0,3.0,0.9974070872947277,0.0,0.0,0.0,0.0025929127052722557,
DAB,Origin,1107,0.4706413730803975,NASDelay,,1452.0,440.0,1898.0,0.0,1355.0,0.28221574344023326,0.08551992225461613,0.3689018464528669,0.0,0.2633624878522838,
DAL,Origin,15951,0.4437339351764779,LateAircraftDelay,,28003.0,3656.0,13548.0,209.0,48561.0,0.29797716462538704,0.03890313587367122,0.14416293348372475,0.0022239484129095415,0.5167328176043074,4.0
DAY,Origin,5184,0.4484953703703703,LateAircraftDelay,,7197.0,812.0,9047.0,0.0,9418.0,0.2718516280123895,0.030671602326811213,0.3417315101609126,0.0,0.35574525949988667,1.0
DBQ,Origin,182,0.3241758241758242,LateAircraftDelay,,163.0,93.0,885.0,0.0,1020.0,0.07542804257288292,0.043035631652012955,0.4095326237852846,0.0,0.4720037019898195,
DCA,Origin,28212,0.4048277328796257,LateAircraftDelay,,36200.0,11204.0,57508.0,216.0,68420.0,0.2085878258464517,0.06455850830894047,0.3313665383640261,0.0012446124415147395,0.394242515039067,1.0
DEN,Origin,60151,0.4568336353510332,LateAircraftDelay,,139988.0,18299.0,102353.0,400.0,191862.0,0.30909114996180187,0.04040388428401729,0.22599370283195924,0.0008831932736000283,0.42362806964862154,4.0
DET,Origin,257,0.4980544747081712,CarrierDelay,,0.0,0.0,0.0,0.0,0.0,0.0,0.0,0.0,0.0,0.0,
DFW,Origin,87039,0.478831328484932,CarrierDelay,,198665.0,52865.0,132884.0,299.0,193395.0,0.34364686183204524,0.09144485113508202,0.22986016453673017,0.0005172043977941838,0.3345309180983484,5.0
DHN,Origin,228,0.4078947368421052,LateAircraftDelay,,844.0,92.0,953.0,0.0,1199.0,0.27331606217616583,0.029792746113989636,0.3086139896373057,0.0,0.38827720207253885,
DIK,Origin,31,0.3870967741935484,NASDelay,,14.0,0.0,269.0,0.0,144.0,0.03278688524590164,0.0,0.629976580796253,0.0,0.3372365339578454,
DLG,Origin,50,0.48,NASDelay,,0.0,0.0,35.0,0.0,0.0,0.0,0.0,1.0,0.0,0.0,
DLH,Origin,619,0.3570274636510501,CarrierDelay,,1608.0,324.0,1081.0,14.0,1076.0,0.39190835973677796,0.07896660979770899,0.2634657567633439,0.003412137460394833,0.2622471362417743,
DRO,Origin,480,0.38125,LateAircraftDelay,,1523.0,703.0,736.0,0.0,1679.0,0.328162034044387,0.15147597500538676,0.158586511527688,0.0,0.36177547942253824,
DRT,Origin,10,0.3,CarrierDelay,,0.0,0.0,0.0,0.0,0.0,0.0,0.0,0.0,0.0,0.0,
DSM,Origin,3613,0.3910877387212843,LateAircraftDelay,,8491.0,1477.0,7890.0,5.0,9527.0,0.3100036509675064,0.05392479006936838,0.28806133625410735,0.00018254837531945966,0.34782767433369843,
DTW,Origin,45226,0.4535001990005748,CarrierDelay,,108744.0,21098.0,87653.0,250.0,66489.0,0.3825861789933646,0.07422757305600315,0.3083832335329341,0.0008795569847379272,0.23392345743296017,5.0
DUT,Origin,66,0.7424242424242424,CarrierDelay,,32.0,0.0,0.0,0.0,27.0,0.5423728813559322,0.0,0.0,0.0,0.4576271186440678,
DVL,Origin,24,0.3333333333333333,CarrierDelay,,1075.0,0.0,35.0,0.0,260.0,0.7846715328467153,0.0,0.025547445255474453,0.0,0.1897810218978102,
EAR,Origin,9,0.0,CarrierDelay,,0.0,0.0,0.0,0.0,0.0,0.0,0.0,0.0,0.0,0.0,
EAU,Origin,101,0.3168316831683168,LateAircraftDelay,,352.0,0.0,244.0,0.0,417.0,0.3474827245804541,0.0,0.24086870681145114,0.0,0.4116485686080948,
ECP,Origin,536,0.2966417910447761,LateAircraftDelay,,877.0,299.0,1215.0,0.0,3412.0,0.15112872652076512,0.051525073237980355,0.20937446148543856,0.0,0.587971738755816,
EFD,Origin,44,0.4545454545454545,WeatherDelay,,0.0,156.0,27.0,0.0,0.0,0.0,0.8524590163934426,0.14754098360655737,0.0,0.0,
EGE,Origin,484,0.4214876033057851,LateAircraftDelay,,2777.0,376.0,1290.0,6.0,3622.0,0.34407136662123655,0.0465865444182877,0.15983149547763598,0.0007434023045471441,0.44876719117829267,
EKO,Origin,246,0.2886178861788618,LateAircraftDelay,,421.0,89.0,221.0,0.0,550.0,0.3286494925839188,0.06947697111631537,0.1725214676034348,0.0,0.42935206869633097,
ELM,Origin,393,0.4452926208651399,CarrierDelay,,800.0,96.0,697.0,10.0,702.0,0.3470715835140998,0.041648590021691974,0.3023861171366594,0.004338394793926247,0.30455531453362256,
ELP,Origin,7212,0.4148641153632834,LateAircraftDelay,,8919.0,982.0,5466.0,0.0,14906.0,0.29461896739669013,0.03243814620288706,0.18055693191953226,0.0,0.49238595448089056,6.0
ERI,Origin,380,0.4447368421052631,LateAircraftDelay,,139.0,57.0,395.0,0.0,705.0,0.10725308641975309,0.04398148148148148,0.30478395061728397,0.0,0.5439814814814815,
ESC,Origin,47,0.1914893617021276,LateAircraftDelay,,59.0,125.0,72.0,0.0,144.0,0.1475,0.3125,0.18,0.0,0.36,
EUG,Origin,1271,0.3831628638867034,LateAircraftDelay,,2748.0,272.0,3258.0,0.0,3591.0,0.27844766440368834,0.027561049751747897,0.3301246326882156,0.0,0.36386665315634814,
EVV,Origin,942,0.386411889596603,LateAircraftDelay,,2382.0,766.0,2928.0,0.0,3348.0,0.2527589134125637,0.08128183361629882,0.31069609507640067,0.0,0.35526315789473684,
EWN,Origin,144,0.3472222222222222,LateAircraftDelay,,1221.0,43.0,215.0,0.0,1242.0,0.4487320837927233,0.015803013597941933,0.07901506798970967,0.0,0.4564498346196251,
EWR,Origin,40510,0.4682547519131079,LateAircraftDelay,,92216.0,15695.0,109961.0,792.0,156124.0,0.24604843271396096,0.04187700780174392,0.2933951994194051,0.00211319465938077,0.4165661654055092,0.0
EYW,Origin,490,0.3306122448979592,CarrierDelay,,1583.0,248.0,778.0,0.0,982.0,0.44082428292954606,0.06906154274575327,0.21665274296853243,0.0,0.2734614313561682,
FAI,Origin,1495,0.4421404682274247,LateAircraftDelay,,2202.0,325.0,616.0,126.0,3524.0,0.3241572206683351,0.04784336817311939,0.09068158398351243,0.018548505814809362,0.5187693213602238,
FAR,Origin,1274,0.3610675039246467,NASDelay,,3295.0,459.0,3878.0,25.0,3519.0,0.2948282032927702,0.041070150322118824,0.3469935576234789,0.0022369362920544025,0.31487115246957764,
FAT,Origin,2690,0.379182156133829,CarrierDelay,,9126.0,398.0,5658.0,0.0,6720.0,0.4166742763217971,0.01817185645146562,0.2583325723678203,0.0,0.306821294858917,
FAY,Origin,814,0.4226044226044226,LateAircraftDelay,,1046.0,617.0,2067.0,0.0,2128.0,0.1785592352338682,0.10532604984636394,0.3528508023216115,0.0,0.3632639125981564,
FCA,Origin,617,0.3403565640194489,LateAircraftDelay,,779.0,117.0,649.0,0.0,1034.0,0.3020550601008143,0.045366421093447074,0.25164792555253973,0.0,0.4009305932531989,
FLG,Origin,348,0.3275862068965517,NASDelay,,167.0,15.0,201.0,0.0,199.0,0.2869415807560137,0.02577319587628866,0.34536082474226804,0.0,0.34192439862542956,
FLL,Origin,18934,0.4349318685961761,LateAircraftDelay,,37369.0,5132.0,53207.0,545.0,58088.0,0.24211972191446213,0.03325104800409483,0.3447366545506379,0.0035311420814948717,0.3763614334493103,0.0
FLO,Origin,74,0.4189189189189189,NASDelay,,290.0,45.0,769.0,0.0,29.0,0.2559576345984113,0.03971756398940865,0.678729037952339,0.0,0.02559576345984113,
FNT,Origin,1112,0.3794964028776978,LateAircraftDelay,,2831.0,706.0,3420.0,0.0,4036.0,0.25752751751114344,0.06422268716455927,0.31110706813426725,0.0,0.36714272719003,
FOE,Origin,3,0.0,CarrierDelay,,0.0,0.0,0.0,0.0,0.0,0.0,0.0,0.0,0.0,0.0,
FSD,Origin,1699,0.3761035903472631,LateAircraftDelay,,3094.0,1002.0,2367.0,23.0,4388.0,0.28453191098032005,0.09214640426705904,0.21767518852308257,0.0021151370240941694,0.4035313592054442,
FSM,Origin,412,0.3398058252427184,LateAircraftDelay,,1609.0,388.0,874.0,0.0,1855.0,0.34045704612780364,0.08209902666102412,0.184934405416843,0.0,0.39250952179432924,
FWA,Origin,1442,0.3779472954230236,LateAircraftDelay,,2986.0,1448.0,4086.0,208.0,4784.0,0.2209887507400829,0.10716400236826525,0.30239786856127887,0.015393724097098875,0.3540556542332741,
GCC,Origin,169,0.4319526627218935,LateAircraftDelay,,354.0,183.0,394.0,0.0,1079.0,0.1761194029850746,0.09104477611940298,0.19601990049751244,0.0,0.53681592039801,
GCK,Origin,62,0.3064516129032258,CarrierDelay,,344.0,97.0,64.0,0.0,185.0,0.4985507246376812,0.14057971014492754,0.0927536231884058,0.0,0.26811594202898553,
GCN,Origin,57,0.5614035087719298,CarrierDelay,,0.0,0.0,0.0,0.0,0.0,0.0,0.0,0.0,0.0,0.0,
GEG,Origin,3905,0.3887323943661971,LateAircraftDelay,,2945.0,107.0,3309.0,67.0,5655.0,0.24373086154100804,0.008855416701150377,0.27385583050566914,0.005544980551187619,0.46801291070098483,
GFK,Origin,423,0.2907801418439716,LateAircraftDelay,,459.0,339.0,476.0,0.0,533.0,0.2540121748754842,0.1876037631433315,0.2634200332042059,0.0,0.2949640287769784,
GGG,Origin,195,0.3282051282051282,LateAircraftDelay,,403.0,35.0,400.0,0.0,647.0,0.2713804713804714,0.02356902356902357,0.26936026936026936,0.0,0.4356902356902357,
GJT,Origin,832,0.3365384615384615,CarrierDelay,,1991.0,544.0,712.0,0.0,1563.0,0.4139293139293139,0.1130977130977131,0.14802494802494803,0.0,0.32494802494802494,
GNV,Origin,703,0.4153627311522048,LateAircraftDelay,,1691.0,802.0,2481.0,0.0,2728.0,0.21955336276291873,0.10412879771487925,0.3221241236042586,0.0,0.3541937159179434,
GPT,Origin,1014,0.3895463510848126,LateAircraftDelay,,1766.0,805.0,2935.0,6.0,4536.0,0.1757563694267516,0.08011544585987261,0.29209792993630573,0.0005971337579617834,0.45143312101910826,
GRB,Origin,1416,0.3622881355932203,LateAircraftDelay,,1923.0,235.0,4336.0,0.0,4917.0,0.16852160196301813,0.020594163526421874,0.3799842257470861,0.0,0.43090000876347384,
GRI,Origin,68,0.3235294117647059,WeatherDelay,,153.0,297.0,253.0,0.0,184.0,0.17249154453213078,0.33483652762119503,0.2852311161217587,0.0,0.20744081172491544,
GRK,Origin,556,0.3327338129496403,LateAircraftDelay,,1970.0,796.0,1899.0,0.0,2606.0,0.2709393480951726,0.10947600055013065,0.26117452895062576,0.0,0.35841012240407094,
GRR,Origin,3915,0.3928480204342273,LateAircraftDelay,,6304.0,780.0,9357.0,1.0,9385.0,0.24408564680373251,0.03020095249157858,0.36229527238936,3.871916986099818e-05,0.3633794091454679,
GSO,Origin,4846,0.4581097812628972,LateAircraftDelay,,5637.0,1923.0,7088.0,0.0,9406.0,0.23434771763532053,0.07994512347218757,0.29467032510185415,0.0,0.39103683379063775,
GSP,Origin,3106,0.4150032195750161,LateAircraftDelay,,4518.0,139.0,7266.0,0.0,8189.0,0.22464200477326968,0.006911296738265712,0.3612768496420048,0.0,0.40716984884645985,
GST,Origin,28,0.6428571428571429,LateAircraftDelay,,5.0,0.0,28.0,0.0,324.0,0.014005602240896359,0.0,0.0784313725490196,0.0,0.907563025210084,
GTF,Origin,849,0.3156654888103651,CarrierDelay,,1195.0,454.0,319.0,0.0,1022.0,0.3996655518394649,0.15183946488294314,0.10668896321070234,0.0,0.34180602006688965,
GTR,Origin,183,0.3442622950819672,CarrierDelay,,528.0,58.0,506.0,0.0,293.0,0.38122743682310467,0.04187725631768953,0.36534296028880864,0.0,0.21155234657039712,
GUC,Origin,136,0.4485294117647059,CarrierDelay,,1151.0,302.0,268.0,0.0,728.0,0.4699877501020825,0.12331563903634137,0.10943242139648836,0.0,0.2972641894650878,
GUM,Origin,191,0.3717277486910995,WeatherDelay,,110.0,223.0,9.0,0.0,0.0,0.3216374269005848,0.652046783625731,0.02631578947368421,0.0,0.0,
HDN,Origin,329,0.3708206686930091,LateAircraftDelay,,236.0,90.0,697.0,0.0,1799.0,0.08362863217576187,0.031892274982282066,0.2469879518072289,0.0,0.6374911410347271,
HGR,Origin,3,0.3333333333333333,CarrierDelay,,0.0,0.0,0.0,0.0,0.0,0.0,0.0,0.0,0.0,0.0,
HHH,Origin,52,0.4423076923076923,CarrierDelay,,272.0,0.0,115.0,0.0,64.0,0.6031042128603105,0.0,0.2549889135254989,0.0,0.1419068736141907,
HIB,Origin,56,0.1785714285714285,LateAircraftDelay,,35.0,9.0,58.0,0.0,104.0,0.16990291262135923,0.043689320388349516,0.2815533980582524,0.0,0.5048543689320388,
HKY,Origin,12,0.1666666666666666,CarrierDelay,,0.0,0.0,0.0,0.0,0.0,0.0,0.0,0.0,0.0,0.0,
HLN,Origin,469,0.326226012793177,LateAircraftDelay,,287.0,76.0,341.0,0.0,590.0,0.22179289026275115,0.05873261205564142,0.2635239567233385,0.0,0.4559505409582689,
HNL,Origin,11352,0.3664552501761804,CarrierDelay,,23825.0,403.0,5105.0,35.0,14785.0,0.5396009331189273,0.009127352614771364,0.11562068262632211,0.0007926981179081829,0.334858333522071,3.0
HOB,Origin,65,0.2615384615384615,LateAircraftDelay,,166.0,210.0,125.0,0.0,284.0,0.21146496815286625,0.267515923566879,0.1592356687898089,0.0,0.36178343949044584,
HOU,Origin,18643,0.4383414686477498,LateAircraftDelay,,33206.0,4219.0,14622.0,181.0,49441.0,0.3266088975007131,0.04149740825620395,0.14381965004081873,0.0017802870098063324,0.4862937571924579,4.0
HPN,Origin,2238,0.4110813226094727,LateAircraftDelay,,6953.0,981.0,7652.0,77.0,10505.0,0.2657062060531947,0.037488535616019565,0.29241822072760626,0.002942525221644757,0.4014445123815347,
HRL,Origin,1588,0.3746851385390428,LateAircraftDelay,,653.0,150.0,788.0,0.0,3294.0,0.13367451381780962,0.030706243602865915,0.16131013306038894,0.0,0.6743091095189355,
HSV,Origin,2564,0.406786271450858,LateAircraftDelay,,3672.0,1371.0,4755.0,4.0,6988.0,0.21870160810005956,0.08165574746873139,0.2832042882668255,0.00023823704586063132,0.41620011911852295,
HTS,Origin,175,0.5142857142857142,CarrierDelay,,308.0,7.0,253.0,0.0,43.0,0.5040916530278232,0.011456628477905073,0.41407528641571195,0.0,0.07037643207855974,
HVN,Origin,90,0.5,CarrierDelay,,296.0,179.0,246.0,0.0,214.0,0.3165775401069519,0.19144385026737967,0.2631016042780749,0.0,0.2288770053475936,
HYA,Origin,3,0.3333333333333333,NASDelay,,0.0,0.0,224.0,0.0,0.0,0.0,0.0,1.0,0.0,0.0,
HYS,Origin,62,0.2580645161290322,LateAircraftDelay,,0.0,0.0,44.0,0.0,640.0,0.0,0.0,0.06432748538011696,0.0,0.935672514619883,
IAD,Origin,20400,0.4208823529411765,LateAircraftDelay,,58369.0,9848.0,48375.0,325.0,62780.0,0.3248190008736929,0.054803363439567716,0.26920315865039485,0.0018086000322765545,0.34936587700406796,0.0
IAG,Origin,25,0.36,CarrierDelay,,412.0,41.0,84.0,0.0,175.0,0.5786516853932584,0.05758426966292135,0.11797752808988764,0.0,0.24578651685393257,
IAH,Origin,48748,0.436140969885944,CarrierDelay,,111201.0,24762.0,101543.0,751.0,105926.0,0.32308684624167955,0.07194428545279691,0.2950261924615684,0.00218197877292022,0.30776069707103487,5.0
ICT,Origin,3293,0.4023686607956271,LateAircraftDelay,,6829.0,1018.0,6142.0,0.0,8474.0,0.3040110403775097,0.04531896897119708,0.273427413969639,0.0,0.3772425766816543,
IDA,Origin,676,0.3446745562130177,LateAircraftDelay,,891.0,280.0,632.0,0.0,940.0,0.32482683193583667,0.1020780167699599,0.23040466642362378,0.0,0.3426904848705797,
IFP,Origin,6,0.5,CarrierDelay,,0.0,0.0,0.0,0.0,0.0,0.0,0.0,0.0,0.0,0.0,
ILE,Origin,130,0.3076923076923077,LateAircraftDelay,,55.0,0.0,34.0,0.0,296.0,0.14285714285714285,0.0,0.08831168831168831,0.0,0.7688311688311689,
ILG,Origin,17,0.4117647058823529,CarrierDelay,,20.0,0.0,4.0,0.0,15.0,0.5128205128205128,0.0,0.10256410256410256,0.0,0.38461538461538464,
ILM,Origin,979,0.3881511746680286,NASDelay,,2460.0,311.0,2604.0,0.0,2570.0,0.3096286972938955,0.039144115796098174,0.3277533039647577,0.0,0.3234738829452486,
IMT,Origin,52,0.2115384615384615,LateAircraftDelay,,35.0,42.0,0.0,0.0,319.0,0.08838383838383838,0.10606060606060606,0.0,0.0,0.8055555555555556,
IND,Origin,12124,0.4199934015176509,LateAircraftDelay,,16101.0,2051.0,20712.0,23.0,25551.0,0.24986809025730158,0.03182904497346287,0.32142524597287314,0.0003569322449486328,0.39652068655141376,1.0
INL,Origin,42,0.2142857142857142,NASDelay,,378.0,0.0,871.0,0.0,71.0,0.2863636363636364,0.0,0.6598484848484848,0.0,0.05378787878787879,
IPL,Origin,71,0.3661971830985915,WeatherDelay,,87.0,104.0,3.0,0.0,97.0,0.29896907216494845,0.35738831615120276,0.010309278350515464,0.0,0.3333333333333333,
ISN,Origin,130,0.2538461538461538,CarrierDelay,,622.0,524.0,605.0,0.0,295.0,0.3040078201368524,0.2561094819159335,0.2956989247311828,0.0,0.1441837732160313,
ISO,Origin,69,0.4347826086956521,CarrierDelay,,213.0,25.0,44.0,0.0,0.0,0.7553191489361702,0.08865248226950355,0.15602836879432624,0.0,0.0,
ISP,Origin,2307,0.3693107932379714,LateAircraftDelay,,2981.0,732.0,2709.0,26.0,5628.0,0.2468532626697582,0.0606160980457105,0.22432924809539584,0.0021530308049022857,0.4660483603842332,
ITH,Origin,256,0.484375,LateAircraftDelay,,52.0,38.0,104.0,0.0,822.0,0.051181102362204724,0.03740157480314961,0.10236220472440945,0.0,0.8090551181102362,
ITO,Origin,1138,0.3198594024604569,LateAircraftDelay,,1006.0,24.0,413.0,0.0,1873.0,0.3033775633293124,0.007237635705669481,0.12454764776839566,0.0,0.5648371531966224,
IYK,Origin,105,0.1619047619047619,LateAircraftDelay,,14.0,0.0,41.0,0.0,52.0,0.1308411214953271,0.0,0.38317757009345793,0.0,0.48598130841121495,
JAC,Origin,886,0.417607223476298,CarrierDelay,,3191.0,371.0,2193.0,0.0,2683.0,0.37817018250770323,0.0439677648731927,0.25989570988385874,0.0,0.3179663427352453,
JAN,Origin,2867,0.4248343215905127,LateAircraftDelay,,3774.0,1446.0,4967.0,18.0,8543.0,0.2013014721570301,0.07712822701088116,0.2649349263921485,0.0009601024109238319,0.4556752720290164,
JAX,Origin,8111,0.4183207989150536,LateAircraftDelay,,11562.0,2595.0,17166.0,57.0,18378.0,0.23236464488122513,0.05215241770167611,0.3449897503918968,0.0011455444350657181,0.36934764259013625,1.0
JFK,Origin,25631,0.4332644063828957,CarrierDelay,,95730.0,23421.0,94055.0,708.0,81520.0,0.3240317634395499,0.07927658969516034,0.31836213841331734,0.002396474339446374,0.27593303411252595,0.0
JLN,Origin,66,0.4848484848484848,CarrierDelay,,831.0,34.0,164.0,0.0,749.0,0.46737907761529807,0.019122609673790775,0.0922384701912261,0.0,0.421259842519685,
JMS,Origin,56,0.2321428571428571,LateAircraftDelay,,373.0,74.0,13.0,0.0,530.0,0.37676767676767675,0.07474747474747474,0.013131313131313131,0.0,0.5353535353535354,
JNU,Origin,1329,0.4702784048156508,LateAircraftDelay,,2176.0,196.0,884.0,0.0,3320.0,0.3309002433090024,0.029805352798053526,0.13442822384428224,0.0,0.5048661800486618,
KOA,Origin,2255,0.3046563192904656,LateAircraftDelay,,3981.0,49.0,1690.0,0.0,6233.0,0.33305446331464905,0.004099389274659081,0.14138709947293565,0.0,0.5214590479377562,
KSM,Origin,7,0.5714285714285714,CarrierDelay,,0.0,0.0,0.0,0.0,0.0,0.0,0.0,0.0,0.0,0.0,
KTN,Origin,769,0.4317295188556567,LateAircraftDelay,,605.0,35.0,304.0,0.0,2199.0,0.1924912503977092,0.011135857461024499,0.0967228762328985,0.0,0.6996500159083678,
LAN,Origin,939,0.3652822151224707,LateAircraftDelay,,915.0,420.0,2092.0,0.0,2223.0,0.16194690265486725,0.0743362831858407,0.37026548672566373,0.0,0.3934513274336283,
LAR,Origin,41,0.2195121951219512,CarrierDelay,,191.0,0.0,63.0,0.0,162.0,0.45913461538461536,0.0,0.15144230769230768,0.0,0.3894230769230769,
LAS,Origin,44363,0.4518855803259473,LateAircraftDelay,,81290.0,5645.0,56940.0,566.0,131607.0,0.29447777198168434,0.02044934214339535,0.20626847504781778,0.0020503680519329973,0.47675404277516953,4.0
LAW,Origin,287,0.2926829268292683,LateAircraftDelay,,343.0,98.0,348.0,0.0,477.0,0.27093206951026855,0.07740916271721959,0.27488151658767773,0.0,0.3767772511848341,
LAX,Origin,65745,0.4453874819377899,LateAircraftDelay,,126335.0,4881.0,81633.0,1359.0,145847.0,0.35087694935495967,0.013556262237713683,0.22672369499104303,0.003774423351987891,0.40506867006429575,2.0
LBB,Origin,2512,0.3765923566878981,LateAircraftDelay,,1822.0,633.0,1573.0,0.0,5892.0,0.18366935483870966,0.06381048387096774,0.15856854838709677,0.0,0.5939516129032258,
LBE,Origin,56,0.2678571428571428,LateAircraftDelay,,277.0,0.0,58.0,0.0,372.0,0.3917963224893918,0.0,0.08203677510608204,0.0,0.5261669024045261,
LBF,Origin,13,0.3846153846153846,NASDelay,,0.0,0.0,32.0,0.0,12.0,0.0,0.0,0.7272727272727273,0.0,0.2727272727272727,
LBL,Origin,14,0.2857142857142857,LateAircraftDelay,,42.0,0.0,19.0,0.0,161.0,0.1891891891891892,0.0,0.08558558558558559,0.0,0.7252252252252253,
LCH,Origin,268,0.2723880597014925,LateAircraftDelay,,468.0,237.0,729.0,0.0,1132.0,0.18238503507404522,0.09236165237724084,0.28409976617303195,0.0,0.441153546375682,
LCK,Origin,18,0.4444444444444444,LateAircraftDelay,,23.0,100.0,76.0,0.0,342.0,0.04251386321626617,0.18484288354898337,0.14048059149722736,0.0,0.6321626617375231,
LEX,Origin,2144,0.416044776119403,NASDelay,,4910.0,2431.0,6802.0,0.0,5627.0,0.24835609509357612,0.12296408700050582,0.34405665149215986,0.0,0.28462316641375823,
LFT,Origin,919,0.3612622415669205,LateAircraftDelay,,3490.0,544.0,2810.0,5.0,4406.0,0.31008440693025324,0.04833407374500222,0.24966681474900043,0.000444247001332741,0.39147045757441135,
LGA,Origin,35590,0.4309637538634447,LateAircraftDelay,,66620.0,15152.0,85993.0,100.0,122311.0,0.22958480370533746,0.05221658579620644,0.29634773378914864,0.0003446184384649316,0.42150625827084254,1.0
LGB,Origin,3130,0.355591054313099,LateAircraftDelay,,5334.0,196.0,4869.0,107.0,9391.0,0.2680806151681158,0.009850731266020003,0.24471025782781325,0.005377695129919083,0.47198070060813185,
LIH,Origin,2138,0.3072965388213283,LateAircraftDelay,,4071.0,120.0,1419.0,8.0,5171.0,0.37732876077486327,0.011122439521735101,0.13152284734451755,0.0007414959681156733,0.4792844563907684,
LIT,Origin,4944,0.4340614886731391,LateAircraftDelay,,5146.0,2226.0,8229.0,127.0,14489.0,0.17030148591852268,0.07366714101333686,0.2723301452824569,0.00420293212430089,0.4794982956613827,
LMT,Origin,56,0.25,NASDelay,,0.0,11.0,357.0,0.0,49.0,0.0,0.026378896882494004,0.8561151079136691,0.0,0.11750599520383694,
LNK,Origin,950,0.3968421052631579,NASDelay,,1244.0,1447.0,2279.0,0.0,1362.0,0.19646241313960833,0.22852179406190776,0.3599178774478838,0.0,0.21509791535060013,
LNY,Origin,2,0.5,CarrierDelay,,0.0,0.0,0.0,0.0,0.0,0.0,0.0,0.0,0.0,0.0,
LRD,Origin,472,0.3622881355932203,LateAircraftDelay,,1609.0,449.0,1204.0,6.0,2171.0,0.29582643868358155,0.08255193969479684,0.22136422136422138,0.0011031439602868175,0.39915425629711343,
LSE,Origin,445,0.3662921348314606,LateAircraftDelay,,850.0,61.0,860.0,0.0,1254.0,0.2809917355371901,0.020165289256198347,0.28429752066115704,0.0,0.41454545454545455,
LWB,Origin,52,0.4038461538461538,LateAircraftDelay,,136.0,45.0,116.0,15.0,831.0,0.1189851268591426,0.03937007874015748,0.10148731408573929,0.013123359580052493,0.7270341207349081,
LWS,Origin,113,0.1858407079646017,LateAircraftDelay,,171.0,131.0,32.0,0.0,334.0,0.2559880239520958,0.19610778443113772,0.04790419161676647,0.0,0.5,
LYH,Origin,140,0.4357142857142857,NASDelay,,202.0,0.0,384.0,0.0,201.0,0.25667090216010163,0.0,0.48792884371029227,0.0,0.2554002541296061,
MAF,Origin,2538,0.3455476753349094,LateAircraftDelay,,2583.0,278.0,1985.0,5.0,9030.0,0.18608169440242056,0.02002737554931201,0.14300122469562712,0.0003602045962106477,0.6505295007564297,
MBS,Origin,1018,0.3388998035363458,LateAircraftDelay,,1303.0,233.0,1804.0,0.0,2243.0,0.23338706788464983,0.041733834855812287,0.323123768583199,0.0,0.4017553286763389,
MCI,Origin,17275,0.4106512301013024,LateAircraftDelay,,26277.0,2908.0,22904.0,95.0,37966.0,0.29148086522462563,0.0322573488630061,0.2540654464780921,0.0010537992235163617,0.42114254021075986,6.0
MCN,Origin,62,0.4838709677419355,CarrierDelay,,805.0,162.0,312.0,0.0,0.0,0.6293979671618452,0.1266614542611415,0.2439405785770133,0.0,0.0,
MCO,Origin,34145,0.4236930736564651,LateAircraftDelay,,55732.0,13646.0,67602.0,448.0,93283.0,0.24156628856014667,0.059147591575607575,0.29301593768827666,0.0019418233200844347,0.40432835885588464,1.0
MDT,Origin,2261,0.3967271118973905,LateAircraftDelay,,3404.0,919.0,3886.0,0.0,4338.0,0.27129991232964057,0.07324460030286124,0.3097154698334263,0.0,0.3457400175340719,
MDW,Origin,21607,0.4434211135280233,LateAircraftDelay,,54943.0,9746.0,35072.0,240.0,81682.0,0.30241134283339666,0.05364288348387026,0.1930395248867533,0.001320982150228695,0.4495852666457511,4.0
MEI,Origin,147,0.4013605442176871,LateAircraftDelay,,133.0,50.0,425.0,0.0,1139.0,0.07613050944476245,0.028620492272467088,0.24327418431597023,0.0,0.6519748139668002,
MEM,Origin,16006,0.4368361864300887,CarrierDelay,,27714.0,3590.0,21986.0,0.0,24143.0,0.3579094184649955,0.04636266191417096,0.28393578965040744,0.0,0.31179212997042605,3.0
MFE,Origin,1134,0.3994708994708995,LateAircraftDelay,,809.0,72.0,640.0,0.0,3361.0,0.165710774272839,0.014748054076198279,0.13109381401065137,0.0,0.6884473576403114,
MFR,Origin,953,0.4102833158447009,LateAircraftDelay,,2451.0,278.0,3711.0,27.0,3717.0,0.24067164179104478,0.027297721916732128,0.36439512961508247,0.0026512175962293792,0.36498428908091124,
MGM,Origin,984,0.4776422764227642,CarrierDelay,,3690.0,421.0,2953.0,0.0,3577.0,0.3467719199323372,0.03956395075650785,0.2775115120759327,0.0,0.3361526172352223,
MHK,Origin,140,0.3357142857142857,WeatherDelay,,255.0,731.0,501.0,0.0,567.0,0.12414800389483933,0.3558909444985394,0.2439143135345667,0.0,0.27604673807205454,
MHT,Origin,3443,0.3764159163520186,NASDelay,,4765.0,1183.0,8619.0,115.0,7428.0,0.215513342379014,0.0535052012663953,0.3898236092265943,0.005201266395296246,0.3359565807327001,
MIA,Origin,23448,0.4577362674854998,CarrierDelay,,59364.0,11812.0,45987.0,290.0,45463.0,0.3643840997814825,0.07250362149819539,0.2822743008667043,0.001780058435021729,0.2790579194185961,5.0
MIB,Origin,1,0.0,CarrierDelay,,0.0,0.0,0.0,0.0,0.0,0.0,0.0,0.0,0.0,0.0,
MKE,Origin,8580,0.4054778554778555,LateAircraftDelay,,17839.0,3333.0,21509.0,16.0,25873.0,0.26015750328131837,0.04860726265130524,0.3136794516552428,0.0002333381945457197,0.37732244421758787,1.0
MKG,Origin,74,0.3108108108108108,LateAircraftDelay,,143.0,325.0,124.0,0.0,459.0,0.13606089438629876,0.30922930542340626,0.11798287345385347,0.0,0.4367269267364415,
MKK,Origin,4,0.0,CarrierDelay,,0.0,0.0,0.0,0.0,0.0,0.0,0.0,0.0,0.0,0.0,
MLB,Origin,795,0.4440251572327044,NASDelay,,1087.0,272.0,1361.0,0.0,721.0,0.3158965417029933,0.07904678872420808,0.3955245568148794,0.0,0.20953211275791922,
MLI,Origin,1368,0.3969298245614035,LateAircraftDelay,,2250.0,981.0,2775.0,25.0,4712.0,0.20943870427254957,0.09131527506283162,0.2583077352694778,0.0023270967141394397,0.4386111886810016,
MLU,Origin,817,0.4406364749082007,CarrierDelay,,2732.0,124.0,1429.0,21.0,1792.0,0.44801574286651363,0.020334535913414234,0.23433912758281403,0.003443752049852411,0.2938668415874057,
MMH,Origin,22,0.4545454545454545,NASDelay,,7.0,0.0,304.0,0.0,61.0,0.01881720430107527,0.0,0.8172043010752689,0.0,0.1639784946236559,
MOB,Origin,1842,0.4435396308360477,LateAircraftDelay,,2718.0,1083.0,3332.0,0.0,5419.0,0.21653919694072657,0.0862810707456979,0.2654557042702358,0.0,0.4317240280433397,
MOD,Origin,177,0.4689265536723164,LateAircraftDelay,,130.0,41.0,778.0,0.0,812.0,0.07382169222032936,0.02328222600795003,0.44179443498012494,0.0,0.4611016467915957,
MOT,Origin,509,0.3536345776031434,LateAircraftDelay,,799.0,321.0,500.0,0.0,839.0,0.32492883285888574,0.1305408702724685,0.203334688897926,0.0,0.3411956079707198,
MQT,Origin,152,0.3223684210526316,CarrierDelay,,653.0,322.0,421.0,0.0,561.0,0.33367399080224835,0.16453755748594787,0.21512519161982627,0.0,0.2866632600919775,
MRY,Origin,1215,0.3670781893004115,LateAircraftDelay,,2280.0,1095.0,2748.0,0.0,4385.0,0.2169775409212029,0.1042063189950514,0.2615150361629235,0.0,0.41730110392082226,
MSN,Origin,2787,0.3692142088266953,LateAircraftDelay,,6275.0,825.0,6536.0,0.0,8891.0,0.2785546233408798,0.03662271940338261,0.2901407200248591,0.0,0.3946819372308785,
MSO,Origin,941,0.3772582359192348,LateAircraftDelay,,908.0,430.0,953.0,0.0,1246.0,0.25671472999717276,0.12157195363302234,0.26943737630760534,0.0,0.3522759400621996,
MSP,Origin,42891,0.4324683500034972,CarrierDelay,,87469.0,14329.0,78298.0,83.0,58871.0,0.3659025308512863,0.05994143484626647,0.32753817193055845,0.0003472076971344907,0.24627065467475423,5.0
MSY,Origin,14561,0.4157681477920472,LateAircraftDelay,,14626.0,2996.0,22323.0,129.0,34682.0,0.1956498475038793,0.040077050671518004,0.2986114826903526,0.001725613997538659,0.46393600513671146,6.0
MTH,Origin,2,0.0,CarrierDelay,,0.0,0.0,0.0,0.0,0.0,0.0,0.0,0.0,0.0,0.0,
MTJ,Origin,329,0.3069908814589666,LateAircraftDelay,,310.0,110.0,570.0,1.0,1713.0,0.11464497041420119,0.040680473372781065,0.21079881656804733,0.0003698224852071006,0.6335059171597633,
MVY,Origin,16,0.5625,NASDelay,,9.0,0.0,132.0,0.0,81.0,0.04054054054054054,0.0,0.5945945945945946,0.0,0.36486486486486486,
MWH,Origin,7,0.1428571428571428,NASDelay,,0.0,0.0,30.0,0.0,0.0,0.0,0.0,1.0,0.0,0.0,
MYR,Origin,1541,0.390655418559377,NASDelay,,3165.0,417.0,4388.0,0.0,3737.0,0.27035107200820024,0.03561971470060647,0.37481848466729306,0.0,0.3192107286239002,
OAJ,Origin,335,0.4388059701492537,LateAircraftDelay,,621.0,427.0,835.0,0.0,1216.0,0.20038722168441434,0.1377863827040981,0.26944175540496934,0.0,0.39238464020651825,
OAK,Origin,17496,0.4403292181069959,LateAircraftDelay,,21901.0,1393.0,11762.0,309.0,38247.0,0.297519426180514,0.01892354507417269,0.15978373091343803,0.004197685160028256,0.5195756126718469,2.0
OGD,Origin,3,1.0,CarrierDelay,,15.0,0.0,0.0,0.0,0.0,1.0,0.0,0.0,0.0,0.0,
OGG,Origin,4248,0.3500470809792844,LateAircraftDelay,,8349.0,359.0,2821.0,14.0,10151.0,0.38485295473402786,0.016548354383700562,0.13003595464183645,0.0006453397252696598,0.4679173965151655,
OGS,Origin,13,0.4615384615384615,CarrierDelay,,1548.0,0.0,17.0,0.0,140.0,0.9079178885630499,0.0,0.00997067448680352,0.0,0.08211143695014662,
OKC,Origin,7399,0.4087038789025544,LateAircraftDelay,,9482.0,2304.0,9889.0,67.0,20462.0,0.22467064733200645,0.05459198180267273,0.2343142830063501,0.0015875272486020283,0.4848355606103687,6.0
OMA,Origin,6655,0.3873779113448535,LateAircraftDelay,,10158.0,1280.0,11357.0,27.0,13198.0,0.28200999444752917,0.03553581343697946,0.31529705719044976,0.0007495835646862854,0.36640755136035535,1.0
OME,Origin,315,0.473015873015873,LateAircraftDelay,,432.0,47.0,117.0,30.0,772.0,0.3090128755364807,0.033619456366237484,0.08369098712446352,0.02145922746781116,0.5522174535050072,
ONT,Origin,10468,0.4163163928162017,LateAircraftDelay,,8074.0,668.0,6668.0,128.0,18120.0,0.2398835343751857,0.019846693208152594,0.198110404658625,0.003802959177610078,0.5383564085804267,2.0
ORD,Origin,100208,0.474453137474054,LateAircraftDelay,,238599.0,57698.0,208209.0,368.0,353792.0,0.2778717219500947,0.06719492794637263,0.24247961372640817,0.00042857176131347926,0.412025164615811,0.0
ORF,Origin,6166,0.4313979889717807,LateAircraftDelay,,9003.0,1600.0,11719.0,21.0,14379.0,0.24516638527313328,0.04357061162246065,0.31912749850226024,0.000571864277544796,0.39156364032460106,1.0
ORH,Origin,198,0.4545454545454545,LateAircraftDelay,,335.0,0.0,259.0,7.0,347.0,0.35337552742616035,0.0,0.2732067510548523,0.007383966244725738,0.36603375527426163,
OTH,Origin,83,0.4939759036144578,LateAircraftDelay,,52.0,44.0,1104.0,0.0,1174.0,0.02190395956192081,0.018534119629317607,0.4650379106992418,0.0,0.4945240101095198,
OTZ,Origin,324,0.4320987654320987,LateAircraftDelay,,270.0,305.0,119.0,52.0,1565.0,0.11683254002596279,0.13197749891821722,0.05149286023366508,0.02250108178277802,0.6771960190393769,
OWB,Origin,3,0.3333333333333333,CarrierDelay,,0.0,0.0,0.0,0.0,0.0,0.0,0.0,0.0,0.0,0.0,
OXR,Origin,119,0.2605042016806723,CarrierDelay,,369.0,0.0,58.0,0.0,81.0,0.7263779527559056,0.0,0.1141732283464567,0.0,0.1594488188976378,
PAE,Origin,16,0.375,CarrierDelay,,115.0,0.0,107.0,0.0,19.0,0.47717842323651455,0.0,0.44398340248962653,0.0,0.07883817427385892,
PAH,Origin,80,0.4375,LateAircraftDelay,,260.0,0.0,353.0,0.0,1154.0,0.14714204867006225,0.0,0.19977362761743067,0.0,0.653084323712507,
PBG,Origin,33,0.3333333333333333,CarrierDelay,,119.0,0.0,31.0,0.0,85.0,0.5063829787234042,0.0,0.13191489361702127,0.0,0.3617021276595745,
PBI,Origin,8167,0.4465532019101261,LateAircraftDelay,,10640.0,809.0,21748.0,215.0,24230.0,0.18458762707747822,0.014034905103917283,0.37729433399257484,0.0037299191561708475,0.4203532146698588,7.0
PDX,Origin,17040,0.4223591549295775,LateAircraftDelay,,19176.0,807.0,17503.0,240.0,30126.0,0.2826151034604728,0.011893532983552437,0.2579584979072098,0.0035371101809821377,0.4439957554677828,2.0
PFN,Origin,291,0.5463917525773195,NASDelay,,1113.0,576.0,1242.0,9.0,424.0,0.33085612366230677,0.17122473246135553,0.3692033293697979,0.00267538644470868,0.12604042806183116,
PGD,Origin,120,0.3583333333333333,CarrierDelay,,1369.0,527.0,236.0,0.0,558.0,0.5089219330855018,0.19591078066914497,0.08773234200743495,0.0,0.20743494423791822,
PGV,Origin,9,0.1111111111111111,CarrierDelay,,0.0,0.0,0.0,0.0,0.0,0.0,0.0,0.0,0.0,0.0,
PHF,Origin,778,0.3868894601542416,NASDelay,,854.0,109.0,3947.0,0.0,3159.0,0.10583715454207461,0.013508489279960342,0.48915602924773827,0.0,0.3914983269302268,
PHL,Origin,31712,0.4623171039354187,LateAircraftDelay,,64576.0,8285.0,75541.0,345.0,88222.0,0.2725082183745553,0.03496237904536036,0.31878009359874077,0.001455886634960691,0.37229342234638285,0.0
PHX,Origin,55017,0.4602577385171856,CarrierDelay,,98854.0,5750.0,56188.0,1053.0,95752.0,0.3837544691902468,0.022321688528981316,0.21812365827241778,0.0040877805253943175,0.3717124034829598,2.0
PIA,Origin,927,0.3689320388349514,LateAircraftDelay,,2399.0,443.0,2800.0,0.0,3216.0,0.27082862948746894,0.05001128923007451,0.3160984420862497,0.0,0.3630616391962068,
PIB,Origin,40,0.125,NASDelay,,0.0,0.0,70.0,0.0,0.0,0.0,0.0,1.0,0.0,0.0,
PIE,Origin,286,0.2587412587412587,CarrierDelay,,931.0,371.0,388.0,0.0,617.0,0.4035543996532293,0.16081491114000868,0.1681837884698743,0.0,0.26744690073688776,
PIH,Origin,270,0.2814814814814815,LateAircraftDelay,,509.0,91.0,236.0,23.0,728.0,0.3207309388783869,0.0573408947700063,0.148708254568368,0.014492753623188406,0.4587271581600504,
PIR,Origin,8,0.25,NASDelay,,0.0,0.0,193.0,0.0,15.0,0.0,0.0,0.9278846153846154,0.0,0.07211538461538461,
PIT,Origin,24998,0.490359228738299,LateAircraftDelay,,16812.0,3561.0,28465.0,22.0,30530.0,0.21176470588235294,0.04485451568207583,0.3585464164252425,0.000277112986522232,0.3845572490238065,1.0
PLN,Origin,87,0.2758620689655172,CarrierDelay,,1082.0,0.0,105.0,0.0,288.0,0.7335593220338983,0.0,0.0711864406779661,0.0,0.1952542372881356,
PMD,Origin,31,0.4193548387096774,CarrierDelay,,87.0,0.0,0.0,0.0,0.0,1.0,0.0,0.0,0.0,0.0,
PNS,Origin,2690,0.4282527881040892,LateAircraftDelay,,4709.0,853.0,3824.0,0.0,8197.0,0.26781550361144285,0.04851276801455952,0.2174827958823864,0.0,0.4661889324916112,
PPG,Origin,8,0.375,CarrierDelay,,70.0,0.0,0.0,0.0,0.0,1.0,0.0,0.0,0.0,0.0,
PRC,Origin,13,0.3846153846153846,CarrierDelay,,133.0,0.0,16.0,0.0,20.0,0.7869822485207101,0.0,0.09467455621301775,0.0,0.11834319526627218,
PSC,Origin,752,0.3497340425531915,LateAircraftDelay,,785.0,121.0,1095.0,0.0,1795.0,0.20679662802950474,0.031875658587987354,0.28846153846153844,0.0,0.47286617492096944,
PSE,Origin,127,0.3070866141732283,LateAircraftDelay,,80.0,0.0,256.0,3.0,1231.0,0.050955414012738856,0.0,0.16305732484076432,0.001910828025477707,0.7840764331210192,
PSG,Origin,253,0.4387351778656126,LateAircraftDelay,,368.0,120.0,93.0,0.0,1075.0,0.2222222222222222,0.07246376811594203,0.05615942028985507,0.0,0.6491545893719807,
PSM,Origin,9,0.4444444444444444,LateAircraftDelay,,0.0,0.0,0.0,0.0,425.0,0.0,0.0,0.0,0.0,1.0,
PSP,Origin,2759,0.3918086263138818,LateAircraftDelay,,7880.0,584.0,5703.0,43.0,7956.0,0.35549941351619596,0.026346657042317062,0.25728593341153116,0.001939907967156907,0.35892808806279886,
PUB,Origin,98,0.3469387755102041,LateAircraftDelay,,0.0,21.0,55.0,0.0,127.0,0.0,0.10344827586206896,0.270935960591133,0.0,0.625615763546798,
PVD,Origin,6263,0.3862366278141466,LateAircraftDelay,,7277.0,1864.0,13078.0,83.0,13854.0,0.2012667330456909,0.05155437548401372,0.3617103661909503,0.0022956079212302248,0.3831729173581148,7.0
PVU,Origin,11,0.2727272727272727,LateAircraftDelay,,0.0,25.0,0.0,0.0,35.0,0.0,0.4166666666666667,0.0,0.0,0.5833333333333334,
PWM,Origin,2345,0.4157782515991471,NASDelay,,5838.0,939.0,7034.0,45.0,5862.0,0.29607465260168375,0.04762146262298408,0.3567298914697231,0.0022821787199513136,0.2972918145856578,
RAP,Origin,1043,0.3537871524448706,NASDelay,,2640.0,278.0,3380.0,0.0,3261.0,0.2761795166858458,0.029082540014645882,0.3535934721205147,0.0,0.3411444711789936,
RDD,Origin,264,0.3977272727272727,CarrierDelay,,2296.0,31.0,1372.0,0.0,1920.0,0.40861363231891795,0.005516995906744973,0.24417156077593877,0.0,0.3416978109983983,
RDM,Origin,593,0.3642495784148398,LateAircraftDelay,,1317.0,293.0,1522.0,9.0,2793.0,0.22194135490394337,0.049376474553420965,0.2564880350522413,0.0015166835187057635,0.4706774519716886,
RDU,Origin,15761,0.4181841253727555,LateAircraftDelay,,23858.0,4816.0,38228.0,0.0,39582.0,0.22405243980316292,0.045227452011569816,0.3590022914240637,0.0,0.3717178167612036,1.0
RFD,Origin,32,0.40625,LateAircraftDelay,,38.0,0.0,78.0,0.0,411.0,0.07210626185958255,0.0,0.14800759013282733,0.0,0.7798861480075902,
RHI,Origin,74,0.3108108108108108,LateAircraftDelay,,352.0,59.0,62.0,0.0,440.0,0.3855421686746988,0.06462212486308871,0.06790799561883899,0.0,0.4819277108433735,
RIC,Origin,5593,0.417843733237976,NASDelay,,12970.0,860.0,16573.0,36.0,13784.0,0.2932862989846912,0.019446894150102888,0.3747597404065758,0.0008140560341903534,0.31169301042443975,1.0
RKS,Origin,158,0.3164556962025316,CarrierDelay,,294.0,0.0,249.0,0.0,269.0,0.3620689655172414,0.0,0.3066502463054187,0.0,0.3312807881773399,
RNO,Origin,7107,0.4164907837343464,LateAircraftDelay,,6638.0,1487.0,6682.0,67.0,16558.0,0.21118605243064392,0.04730847543904301,0.21258589972003053,0.0021315856452023417,0.5267879867650802,6.0
ROA,Origin,1001,0.4155844155844156,CarrierDelay,,2393.0,772.0,2375.0,18.0,2279.0,0.3053464335842797,0.09850708179150185,0.3030496363404364,0.0022967972438433073,0.2908000510399388,
ROC,Origin,4954,0.4348001614856681,NASDelay,,9983.0,1048.0,13648.0,6.0,11087.0,0.2790730180029073,0.029296656602929665,0.38152745163815277,0.0001677289500167729,0.3099351448059935,
ROP,Origin,19,0.1052631578947368,CarrierDelay,,0.0,0.0,0.0,0.0,0.0,0.0,0.0,0.0,0.0,0.0,
ROR,Origin,25,0.4,CarrierDelay,,0.0,0.0,0.0,0.0,0.0,0.0,0.0,0.0,0.0,0.0,
ROW,Origin,143,0.3076923076923077,LateAircraftDelay,,350.0,0.0,134.0,0.0,428.0,0.38377192982456143,0.0,0.14692982456140352,0.0,0.4692982456140351,
RST,Origin,870,0.3724137931034483,LateAircraftDelay,,703.0,187.0,1892.0,0.0,2388.0,0.13597678916827852,0.036170212765957444,0.3659574468085106,0.0,0.4618955512572534,
RSW,Origin,7501,0.4147447007065724,LateAircraftDelay,,11162.0,1634.0,19015.0,37.0,23721.0,0.20086739009159785,0.029404884018067626,0.34218719069985065,0.0006658388669941874,0.42687469632348973,1.0
SAF,Origin,182,0.3296703296703296,CarrierDelay,,999.0,149.0,386.0,0.0,794.0,0.42912371134020616,0.06400343642611683,0.16580756013745704,0.0,0.34106529209621994,
SAN,Origin,24779,0.4099035473586505,LateAircraftDelay,,25609.0,2169.0,32431.0,214.0,57388.0,0.2173735899024709,0.018410844488205687,0.27527989746288545,0.0018164687507957662,0.4871191993956422,6.0
SAT,Origin,12371,0.4057068951580309,LateAircraftDelay,,14152.0,2113.0,14059.0,40.0,26858.0,0.24731746531054488,0.03692635699556115,0.24569221628045157,0.0006990318409003531,0.46936492957254206,6.0
SAV,Origin,3009,0.4253904951811233,LateAircraftDelay,,4031.0,1021.0,7948.0,53.0,8042.0,0.19108793552974637,0.04840009480919649,0.37677174685944537,0.0025124437070395828,0.3812277790945722,
SBA,Origin,2133,0.3778715424285044,NASDelay,,4818.0,288.0,7518.0,24.0,7394.0,0.24039517014270034,0.014369823370921065,0.3751122642450853,0.001197485280910089,0.3689252569603832,
SBN,Origin,1153,0.3954900260190807,CarrierDelay,,5301.0,730.0,3170.0,0.0,3626.0,0.41326888594371247,0.056911202931316754,0.24713494971544397,0.0,0.28268496140952676,
SBP,Origin,894,0.3557046979865771,LateAircraftDelay,,1670.0,499.0,3400.0,0.0,4181.0,0.1712820512820513,0.05117948717948718,0.3487179487179487,0.0,0.4288205128205128,
SCC,Origin,199,0.3768844221105528,LateAircraftDelay,,53.0,129.0,112.0,0.0,589.0,0.06002265005662514,0.14609286523216308,0.12684031710079274,0.0,0.6670441676104191,
SCE,Origin,156,0.2371794871794871,LateAircraftDelay,,459.0,72.0,483.0,0.0,592.0,0.28580323785803236,0.0448318804483188,0.30074719800747196,0.0,0.3686176836861768,
SCK,Origin,59,0.4576271186440678,LateAircraftDelay,,108.0,0.0,19.0,0.0,290.0,0.2589928057553957,0.0,0.045563549160671464,0.0,0.6954436450839329,
SDF,Origin,6553,0.4304898519761941,LateAircraftDelay,,9922.0,2374.0,11797.0,31.0,13367.0,0.2646501827105172,0.06332186391400603,0.31466218559120857,0.0008268651142940973,0.3565389026699741,1.0
SEA,Origin,33464,0.4534425053789147,CarrierDelay,,65237.0,5616.0,47690.0,307.0,56389.0,0.37227443662655,0.03204766062349135,0.27214261665496836,0.0017518931288126502,0.32178339296617764,3.0
SFB,Origin,229,0.4017467248908297,CarrierDelay,,1512.0,388.0,433.0,0.0,1288.0,0.4175642087821044,0.10715272024302679,0.11958022645677989,0.0,0.3557028445180889,
SFO,Origin,45478,0.4593649676766788,LateAircraftDelay,,95635.0,4964.0,59031.0,277.0,172609.0,0.2876102202600777,0.014928604939311191,0.17752829939010453,0.0008330426205054794,0.519099832790001,4.0
SGF,Origin,1540,0.3909090909090909,CarrierDelay,,8457.0,568.0,4979.0,9.0,6803.0,0.4062740199846272,0.027286702536510377,0.23919100691775558,0.0004323597232897771,0.3268159108378171,
SGU,Origin,477,0.3228511530398323,CarrierDelay,,1371.0,83.0,683.0,0.0,1111.0,0.42210591133004927,0.025554187192118227,0.2102832512315271,0.0,0.34205665024630544,
SHD,Origin,19,0.2105263157894736,CarrierDelay,,25.0,0.0,0.0,0.0,0.0,1.0,0.0,0.0,0.0,0.0,
SHV,Origin,1935,0.4093023255813953,LateAircraftDelay,,4723.0,720.0,3538.0,0.0,5006.0,0.3376706942160578,0.05147637091585043,0.2529491670837206,0.0,0.3579037677843712,
SIT,Origin,414,0.427536231884058,LateAircraftDelay,,619.0,257.0,266.0,0.0,1008.0,0.287906976744186,0.11953488372093023,0.12372093023255815,0.0,0.4688372093023256,
SJC,Origin,16566,0.419956537486418,LateAircraftDelay,,18192.0,1057.0,11828.0,454.0,35143.0,0.27284998650148484,0.0158532561418244,0.17740048594654587,0.006809250982391937,0.5270870204277529,2.0
SJT,Origin,256,0.26171875,LateAircraftDelay,,149.0,361.0,329.0,0.0,674.0,0.09847984137475214,0.23859881031064112,0.21744877726371448,0.0,0.4454725710508923,
SJU,Origin,7690,0.4078023407022106,LateAircraftDelay,,17039.0,1501.0,8519.0,77.0,24975.0,0.32697511082113184,0.02880389936865537,0.16347796050737848,0.0014776150908637333,0.4792654142119706,4.0
SLC,Origin,33666,0.4312065585457137,CarrierDelay,,62905.0,8543.0,39637.0,318.0,47704.0,0.395362869012677,0.053693426436297584,0.24912166026636162,0.00199865499318069,0.2998233892914831,3.0
SLE,Origin,5,0.2,CarrierDelay,,0.0,0.0,0.0,0.0,0.0,0.0,0.0,0.0,0.0,0.0,
SLN,Origin,16,0.5625,WeatherDelay,,462.0,951.0,42.0,0.0,115.0,0.29426751592356687,0.6057324840764331,0.0267515923566879,0.0,0.0732484076433121,
SMF,Origin,13447,0.4162266676582137,LateAircraftDelay,,15841.0,902.0,11792.0,121.0,35688.0,0.2461923411662315,0.01401840109411911,0.18326495088897177,0.0018805172199428074,0.5546437896307348,6.0
SMX,Origin,230,0.2608695652173913,LateAircraftDelay,,371.0,0.0,280.0,0.0,493.0,0.3243006993006993,0.0,0.24475524475524477,0.0,0.43094405594405594,
SNA,Origin,13227,0.4193694715354956,LateAircraftDelay,,12326.0,1195.0,20183.0,151.0,28769.0,0.1968254982115483,0.01908214103219213,0.32228857945835465,0.0024112161471640265,0.45939256515074095,6.0
SOP,Origin,5,0.8,CarrierDelay,,33.0,15.0,19.0,0.0,0.0,0.4925373134328358,0.22388059701492538,0.2835820895522388,0.0,0.0,
SPI,Origin,279,0.3548387096774194,NASDelay,,1585.0,85.0,2243.0,0.0,1579.0,0.2886016023306628,0.015477057538237436,0.4084122359796067,0.0,0.28750910415149306,
SPN,Origin,104,0.2980769230769231,CarrierDelay,,0.0,0.0,0.0,0.0,0.0,0.0,0.0,0.0,0.0,0.0,
SPS,Origin,265,0.2716981132075471,LateAircraftDelay,,60.0,32.0,445.0,0.0,954.0,0.04024144869215292,0.021462105969148222,0.29845741113346747,0.0,0.6398390342052314,
SRQ,Origin,2328,0.4437285223367697,LateAircraftDelay,,1912.0,1148.0,3840.0,19.0,3898.0,0.17675880558380327,0.10612924100952205,0.35499676435240823,0.00175649440695202,0.3603586946473144,
STC,Origin,9,0.5555555555555556,NASDelay,,36.0,0.0,87.0,0.0,7.0,0.27692307692307694,0.0,0.6692307692307692,0.0,0.05384615384615385,
STL,Origin,33768,0.4586294716891732,LateAircraftDelay,,27237.0,4153.0,29327.0,145.0,45331.0,0.256485832399499,0.03910803913628959,0.2761669789910823,0.0013654383998945316,0.4268737110732346,6.0
STS,Origin,60,0.3666666666666666,LateAircraftDelay,,30.0,0.0,86.0,6.0,410.0,0.05639097744360902,0.0,0.16165413533834586,0.011278195488721804,0.7706766917293233,
STT,Origin,1014,0.3796844181459566,LateAircraftDelay,,1149.0,131.0,1241.0,47.0,3248.0,0.19755845942228337,0.022524071526822557,0.21337689133425033,0.008081155433287484,0.5584594222833562,
STX,Origin,372,0.4435483870967742,CarrierDelay,,1383.0,0.0,248.0,4.0,576.0,0.6255088195386703,0.0,0.11216644052464948,0.0018091361374943465,0.26051560379918587,
SUN,Origin,370,0.2891891891891892,LateAircraftDelay,,777.0,346.0,367.0,0.0,1148.0,0.29454131918119786,0.13115996967399546,0.13912054586808187,0.0,0.4351781652767248,
SUX,Origin,251,0.3904382470119522,LateAircraftDelay,,11.0,0.0,197.0,8.0,531.0,0.014725568942436412,0.0,0.2637215528781794,0.0107095046854083,0.7108433734939759,
SWF,Origin,749,0.4085447263017356,LateAircraftDelay,,1591.0,292.0,1570.0,0.0,1659.0,0.3112284820031299,0.05712050078247261,0.3071205007824726,0.0,0.3245305164319249,
SWO,Origin,18,0.1111111111111111,LateAircraftDelay,,4.0,0.0,24.0,0.0,209.0,0.016877637130801686,0.0,0.10126582278481013,0.0,0.8818565400843882,
SYR,Origin,4358,0.4412574575493345,LateAircraftDelay,,5018.0,974.0,9181.0,27.0,9962.0,0.19942770844924887,0.03870916461330578,0.36487560607264924,0.0010730466576583737,0.39591447420713777,
TEX,Origin,12,0.0833333333333333,WeatherDelay,,0.0,74.0,0.0,0.0,0.0,0.0,1.0,0.0,0.0,0.0,
TLH,Origin,1609,0.4095711622125544,LateAircraftDelay,,2644.0,960.0,2871.0,0.0,3895.0,0.2549662487945998,0.09257473481195758,0.27685631629701063,0.0,0.37560270009643204,
TOL,Origin,716,0.435754189944134,LateAircraftDelay,,1328.0,578.0,1608.0,0.0,2449.0,0.2227066912627872,0.09693107496226731,0.2696629213483146,0.0,0.4106993124266309,
TPA,Origin,21433,0.4048429991135165,LateAircraftDelay,,30293.0,7375.0,33518.0,4.0,55147.0,0.239779320389118,0.05837561442807729,0.2653062839864806,3.16613501982792e-05,0.43650711984612584,1.0
TRI,Origin,804,0.4154228855721393,CarrierDelay,,2976.0,226.0,1122.0,0.0,1489.0,0.5119559607775676,0.0388783760536728,0.19301565456734904,0.0,0.25615000860141063,
TTN,Origin,201,0.4477611940298507,NASDelay,,657.0,24.0,1458.0,0.0,1231.0,0.19495548961424333,0.007121661721068249,0.4326409495548961,0.0,0.3652818991097923,
TUL,Origin,6803,0.400558577098339,LateAircraftDelay,,6551.0,1950.0,9029.0,32.0,13611.0,0.21014980912969558,0.0625541333846598,0.28964167709235555,0.001026529368363648,0.4366278510249254,6.0
TUP,Origin,14,0.4285714285714285,NASDelay,,0.0,0.0,109.0,0.0,0.0,0.0,0.0,1.0,0.0,0.0,
TUS,Origin,6510,0.4029185867895545,LateAircraftDelay,,8862.0,685.0,6811.0,17.0,12082.0,0.3114172259900903,0.024071405980953718,0.23934357100186246,0.0005973925571915522,0.42457040446990196,6.0
TVC,Origin,736,0.3614130434782608,LateAircraftDelay,,1520.0,221.0,2098.0,9.0,2708.0,0.23184868822452714,0.03370957901159243,0.32001220256253815,0.0013727882855399634,0.41305674191580233,
TVL,Origin,40,0.375,CarrierDelay,,0.0,0.0,0.0,0.0,0.0,0.0,0.0,0.0,0.0,0.0,
TWF,Origin,271,0.3099630996309963,CarrierDelay,,586.0,164.0,177.0,0.0,328.0,0.46693227091633466,0.1306772908366534,0.14103585657370518,0.0,0.2613545816733068,
TXK,Origin,228,0.2807017543859649,CarrierDelay,,1084.0,106.0,229.0,0.0,515.0,0.5604963805584281,0.05480868665977249,0.11840744570837643,0.0,0.266287487073423,
TYR,Origin,358,0.3268156424581006,LateAircraftDelay,,414.0,346.0,565.0,0.0,1086.0,0.17171298216507674,0.1435089174616342,0.23434259643301536,0.0,0.45043550394027376,
TYS,Origin,3202,0.3910056214865709,CarrierDelay,,9438.0,778.0,8295.0,0.0,8014.0,0.3558152686145146,0.02933081998114986,0.31272384542884074,0.0,0.3021300659754948,
UCA,Origin,44,0.4545454545454545,CarrierDelay,,0.0,0.0,0.0,0.0,0.0,0.0,0.0,0.0,0.0,0.0,
UIN,Origin,18,0.3333333333333333,LateAircraftDelay,,14.0,0.0,46.0,0.0,80.0,0.1,0.0,0.32857142857142857,0.0,0.5714285714285714,
USA,Origin,23,0.391304347826087,LateAircraftDelay,,0.0,0.0,0.0,0.0,81.0,0.0,0.0,0.0,0.0,1.0,
UST,Origin,4,0.25,WeatherDelay,,0.0,83.0,14.0,0.0,16.0,0.0,0.7345132743362832,0.12389380530973451,0.0,0.1415929203539823,
UTM,Origin,2,0.5,LateAircraftDelay,,0.0,0.0,13.0,0.0,34.0,0.0,0.0,0.2765957446808511,0.0,0.723404255319149,
VCT,Origin,29,0.3793103448275862,LateAircraftDelay,,26.0,0.0,0.0,0.0,32.0,0.4482758620689655,0.0,0.0,0.0,0.5517241379310345,
VEL,Origin,24,0.2916666666666667,CarrierDelay,,504.0,0.0,25.0,0.0,198.0,0.6932599724896836,0.0,0.0343878954607978,0.0,0.2723521320495186,
VIS,Origin,21,0.238095238095238,CarrierDelay,,0.0,0.0,0.0,0.0,0.0,0.0,0.0,0.0,0.0,0.0,
VLD,Origin,198,0.3737373737373737,LateAircraftDelay,,319.0,137.0,760.0,0.0,908.0,0.1501883239171375,0.06450094161958568,0.3578154425612053,0.0,0.4274952919020716,
VPS,Origin,1279,0.3776387802971071,LateAircraftDelay,,3898.0,1257.0,3316.0,3.0,4127.0,0.3093405285294818,0.09975398777874772,0.26315371795889214,0.00023807634314736926,0.32751368938973097,
WRG,Origin,215,0.3627906976744186,LateAircraftDelay,,334.0,100.0,136.0,0.0,950.0,0.21973684210526315,0.06578947368421052,0.08947368421052632,0.0,0.625,
WYS,Origin,45,0.2888888888888888,CarrierDelay,,131.0,0.0,0.0,0.0,29.0,0.81875,0.0,0.0,0.0,0.18125,
XNA,Origin,2096,0.3683206106870229,LateAircraftDelay,,6065.0,1496.0,8642.0,0.0,9342.0,0.23742415345468781,0.058563319632021923,0.33830495204541006,0.0,0.3657075748678802,
XWA,Origin,2,0.0,CarrierDelay,,0.0,0.0,0.0,0.0,0.0,0.0,0.0,0.0,0.0,0.0,
YAK,Origin,224,0.3392857142857143,LateAircraftDelay,,142.0,105.0,99.0,0.0,884.0,0.11544715447154472,0.08536585365853659,0.08048780487804878,0.0,0.71869918699187,
YAP,Origin,7,0.7142857142857143,CarrierDelay,,0.0,0.0,0.0,0.0,0.0,0.0,0.0,0.0,0.0,0.0,
YKM,Origin,22,0.6818181818181818,NASDelay,,26.0,0.0,38.0,0.0,0.0,0.40625,0.0,0.59375,0.0,0.0,
YUM,Origin,512,0.35546875,CarrierDelay,,1059.0,231.0,364.0,0.0,902.0,0.41431924882629106,0.0903755868544601,0.14241001564945227,0.0,0.35289514866979654,
